user_id,name,age,gender,city,registration_date,transaction_id,product_id,amount,payment_type,date,product_name,category,price,stock,day,month,year,payment_type_label,cateory_ordinal,price_category,amount_log,amount_sqrt,amount_scaler,amount_minmax,avg_monthly_spend,purchase_frequency,days_since_last_purchase,category_total_expenditure
U0003,Aarohi Gupta,37.0,Other,Indore,2022-02-02,T000631,P001,24.37,Wallet,2024-12-04,Product_001,Grocery,264.89,371,4,12,2024,5,4.0,Low,3.2335673736111907,4.9365980188789935,-0.9524193268707617,0.030489376587988358,40.597500000000004,4,180,8427.07
U0010,Diya Kulkarni,36.0,Female,Delhi,2024-01-18,T000379,P001,22.48,UPI,2023-08-08,Product_001,Grocery,264.89,371,8,8,2023,4,4.0,Low,3.1561489949598958,4.741307836451879,-0.9940596808500715,0.027009610781750557,47.78,4,390,8427.07
U0012,Aarohi Singh,28.0,Other,Ghaziabad,2024-06-25,T000679,P001,54.06,Debit Card,2023-04-05,Product_001,Grocery,264.89,371,5,4,2023,2,4.0,Low,4.008423499714461,7.352550577860719,-0.2982912265291183,0.08515299922671869,76.72625,8,207,8427.07
U0031,Aarohi Khan,27.0,Other,Lucknow,2022-04-25,T000667,P001,64.81,Wallet,2023-10-09,Product_001,Grocery,264.89,371,9,10,2023,5,4.0,Low,4.186771802468027,8.050465825031493,-0.061447943313467736,0.10494531796590197,98.785,4,195,8427.07
U0032,Kabir Mukherjee,46.0,Male,Thane,2022-01-04,T000720,P001,61.34,Credit Card,2024-03-31,Product_001,Grocery,264.89,371,31,3,2024,1,4.0,Low,4.132603274339191,7.8319856996805095,-0.13789875194214748,0.09855654159148652,77.505,2,760,8427.07
U0034,Vihaan Singh,23.0,Other,Visakhapatnam,2023-09-16,T000105,P001,53.92,UPI,2024-05-02,Product_001,Grocery,264.89,371,2,5,2024,4,4.0,Low,4.00587758089977,7.343023900274328,-0.3013756971942524,0.08489523879662701,75.76333333333334,9,185,8427.07
U0061,Aarohi Joshi,28.0,Male,Chennai,2022-10-31,T000917,P001,230.91,Credit Card,2023-07-02,Product_001,Grocery,264.89,371,2,7,2023,1,4.0,Low,5.446349365367118,15.195723082499233,3.5980561815348637,0.4107596568103987,86.66,7,306,8427.07
U0071,Kabir Roy,34.0,Female,Bengaluru,2022-01-10,T000064,P001,29.53,Cash,2023-04-11,Product_001,Grocery,264.89,371,11,4,2023,0,4.0,Low,3.4187098067467865,5.43415126767741,-0.8387345509272495,0.03998968958279633,73.29333333333334,9,495,8427.07
U0086,Aarohi Reddy,27.0,Female,Ahmedabad,2022-02-12,T000695,P001,125.12,Wallet,2025-02-09,Product_001,Grocery,264.89,371,9,2,2025,5,4.0,Low,4.83723383467686,11.18570516328765,1.2672979553596382,0.21598482895754315,87.285,4,204,8427.07
U0099,Vihaan Kulkarni,32.0,Female,Kanpur,2024-01-17,T000516,P001,105.85,UPI,2025-04-27,Product_001,Grocery,264.89,371,27,4,2025,4,4.0,Low,4.671425981765156,10.288342918079666,0.8427426002372578,0.18050594690135136,70.554,5,247,8427.07
U0109,Aarav Singh,34.0,Female,Chennai,2023-03-17,T000987,P001,30.28,Cash,2023-08-07,Product_001,Grocery,264.89,371,7,8,2023,0,4.0,Low,3.4429789156771102,5.502726596879042,-0.82221060093546,0.04137054902971609,49.00666666666667,3,275,8427.07
U0115,Aarav Verma,30.0,Male,Bhopal,2023-09-18,T000772,P001,36.28,UPI,2024-03-05,Product_001,Grocery,264.89,371,5,3,2024,4,4.0,Low,3.6184569898173904,6.023288138550239,-0.6900190010011433,0.05241742460507419,44.77333333333333,6,197,8427.07
U0117,Aadhya Joshi,31.0,Female,Kolkata,2022-06-01,T000622,P001,127.18,Net Banking,2024-02-19,Product_001,Grocery,264.89,371,19,2,2024,3,4.0,Low,4.853435526076081,11.27741105041401,1.3126837380037537,0.21977758957174942,102.84153846153846,13,236,8427.07
U0136,Anaya Bose,44.0,Other,Pune,2024-05-10,T000651,P001,37.57,UPI,2024-10-10,Product_001,Grocery,264.89,371,10,10,2024,4,4.0,Low,3.6524747722201365,6.129437168288781,-0.6615978070152653,0.05479250285377618,69.52000000000001,5,420,8427.07
U0154,Kiara Joshi,33.0,Male,Indore,2024-09-10,T000849,P001,132.41,Debit Card,2024-05-31,Product_001,Grocery,264.89,371,31,5,2024,2,4.0,Low,4.893427093190715,11.506954418958998,1.4279107492798326,0.22940678278160323,132.41,1,699,8427.07
U0171,Sai Patel,24.0,Other,Chennai,2022-11-20,T000056,P001,40.83,Net Banking,2024-08-12,Product_001,Grocery,264.89,371,12,8,2024,3,4.0,Low,3.733613785454107,6.389835678638379,-0.5897737043842866,0.060794638583054075,60.115,2,626,8427.07
U0174,Ira Kulkarni,34.0,Female,Hyderabad,2024-05-02,T000891,P001,52.3,Wallet,2024-05-24,Product_001,Grocery,264.89,371,24,5,2024,5,4.0,Low,3.975936331171799,7.231873892705818,-0.337067429176518,0.08191258239128031,50.701428571428565,7,219,8427.07
U0180,Reyansh Verma,53.0,Female,Bhopal,2022-04-27,T000668,P001,66.73,Debit Card,2025-10-13,Product_001,Grocery,264.89,371,13,10,2025,2,4.0,Low,4.215529213226812,8.16884324736373,-0.01914663133448638,0.10848031815001656,69.09142857142858,7,199,8427.07
U0196,Kabir Kulkarni,35.0,Other,Patna,2024-08-01,T000471,P001,115.31,Net Banking,2023-10-09,Product_001,Grocery,264.89,371,9,10,2023,3,4.0,Low,4.7562590403509475,10.73824939177704,1.0511646894670306,0.19792318739183265,88.99714285714286,7,252,8427.07
U0027,Vihaan Reddy,22.0,Other,Pune,2024-03-22,T000514,P002,69.37,Credit Card,2024-12-25,Product_002,Grocery,605.91,150,25,12,2024,1,4.0,Medium,4.253767035978457,8.328865468957943,0.039017672636612946,0.11334094340317413,60.365,4,491,8427.07
U0073,Aarohi Das,31.0,Other,Jaipur,2022-05-16,T000843,P002,104.29,Net Banking,2023-04-12,Product_002,Grocery,605.91,150,12,4,2023,3,4.0,Medium,4.656718447868668,10.212247548899311,0.8083727842543357,0.17763375925175828,84.952,5,196,8427.07
U0076,Ira Sharma,38.0,Other,Vadodara,2022-11-03,T000780,P002,86.16,UPI,2024-06-18,Product_002,Grocery,605.91,150,18,6,2024,4,4.0,Medium,4.467745510076419,9.282241108697834,0.40893383311947545,0.14425378355488452,71.53428571428572,7,199,8427.07
U0096,Aditya Khan,20.0,Female,Visakhapatnam,2023-02-14,T000825,P002,153.93,UPI,2024-09-12,Product_002,Grocery,605.91,150,12,9,2024,4,4.0,Medium,5.042973402008201,12.406852945046138,1.9020379543775818,0.2690282431785543,68.59833333333334,6,226,8427.07
U0102,Kiara Sharma,28.0,Other,Vadodara,2023-12-05,T000565,P002,108.81,Wallet,2024-02-09,Product_002,Grocery,605.91,150,9,2,2024,5,4.0,Medium,4.698751599609622,10.431203190428226,0.9079571228715209,0.18595573885186137,82.49285714285715,7,437,8427.07
U0104,Anaya Kulkarni,25.0,Female,Hyderabad,2024-01-08,T000899,P002,94.61,Debit Card,2024-04-04,Product_002,Grocery,605.91,150,4,4,2024,2,4.0,Medium,4.560277417097355,9.726767191621274,0.595103669693638,0.1598114666568472,79.22,4,241,8427.07
U0112,Meera Iyer,31.0,Other,Bengaluru,2022-10-18,T000160,P002,33.24,Net Banking,2023-06-09,Product_002,Grocery,605.91,150,9,6,2023,3,4.0,Medium,3.5333945512735414,5.76541412215983,-0.756996078301197,0.04682034098022609,47.562,5,514,8427.07
U0128,Arjun Reddy,27.0,Male,Nagpur,2023-12-12,T000320,P002,85.7,Credit Card,2025-03-16,Product_002,Grocery,605.91,150,16,3,2025,1,4.0,Medium,4.462453883786496,9.257429448826494,0.398799143791178,0.14340685642744042,56.245000000000005,4,342,8427.07
U0128,Arjun Reddy,27.0,Male,Nagpur,2023-12-12,T000728,P002,68.47,Net Banking,2025-05-23,Product_002,Grocery,605.91,150,23,5,2025,3,4.0,Medium,4.2408950047047895,8.274660113865705,0.019188932646465325,0.1116839120668704,56.245000000000005,4,342,8427.07
U0152,Vivaan Mehta,34.0,Other,Indore,2023-11-09,T000748,P002,36.05,Wallet,2024-12-21,Product_002,Grocery,605.91,150,21,12,2024,5,4.0,Medium,3.6122683517420957,6.00416522091123,-0.6950863456652921,0.05199396104135212,59.41,4,212,8427.07
U0168,Saanvi Mehta,47.0,Female,Vadodara,2023-06-28,T000905,P002,106.16,Credit Card,2023-08-26,Product_002,Grocery,605.91,150,26,8,2023,1,4.0,Medium,4.674323044676408,10.303397497913005,0.8495724995671975,0.18107670213941154,51.00599999999999,5,684,8427.07
U0181,Aditya Bose,37.0,Female,Bengaluru,2023-08-14,T000784,P002,53.06,Net Banking,2023-12-04,Product_002,Grocery,605.91,150,4,12,2023,3,4.0,Medium,3.9900945408483017,7.284229540589726,-0.32032315985150445,0.08331185329749236,48.4,4,878,8427.07
U0002,Sai Reddy,30.0,Other,Hyderabad,2023-11-24,T000888,P003,63.01,Cash,2024-02-13,Product_003,Beauty,3027.98,127,13,2,2024,0,0.0,Very High,4.159039321153912,7.937883848986454,-0.10110542329376282,0.10163125529329453,64.84,6,733,8079.7300000000005
U0008,Ishaan Reddy,38.0,Male,Lucknow,2022-04-15,T000048,P003,36.89,UPI,2023-04-25,Product_003,Beauty,3027.98,127,25,4,2023,4,0.0,Very High,3.6346872250305093,6.073713855624086,-0.6765795216744878,0.05354052362190226,52.05666666666667,3,318,8079.7300000000005
U0012,Aarohi Singh,28.0,Other,Ghaziabad,2024-06-25,T000087,P003,49.85,UPI,2025-10-05,Product_003,Beauty,3027.98,127,5,10,2025,4,0.0,Very High,3.928880122494569,7.060453243241541,-0.39104566581636385,0.07740177486467577,76.72625,8,207,8079.7300000000005
U0024,Aarohi Kapoor,20.0,Female,Patna,2023-03-15,T000699,P003,112.61,Debit Card,2025-04-25,Product_003,Beauty,3027.98,127,25,4,2025,2,0.0,Very High,4.732771530581813,10.611785900591851,0.9916784694965879,0.1929520933829215,61.71545454545455,11,270,8079.7300000000005
U0035,Muhammad Reddy,38.0,Female,Pune,2023-07-07,T000245,P003,24.96,UPI,2024-11-24,Product_003,Beauty,3027.98,127,24,11,2024,4,0.0,Very High,3.2565568918358894,4.995998398718719,-0.939420486210554,0.03157565268623191,51.217999999999996,5,278,8079.7300000000005
U0045,Sai Chopra,20.0,Male,Mumbai,2022-03-14,T000923,P003,80.1,UPI,2025-01-07,Product_003,Beauty,3027.98,127,7,1,2025,4,0.0,Very High,4.395682961121367,8.949860334105779,0.2754203171858156,0.13309643922377284,85.19375,8,385,8079.7300000000005
U0046,Vivaan Ghosh,26.0,Male,Delhi,2024-05-30,T000681,P003,248.68,Cash,2025-05-08,Product_003,Beauty,3027.98,127,8,5,2025,0,0.0,Very High,5.520180097962524,15.769590990257166,3.9895636366736653,0.44347681997275096,131.065,4,204,8079.7300000000005
U0052,Vivaan Patel,28.0,Male,Nagpur,2024-01-16,T000250,P003,28.92,UPI,2024-09-27,Product_003,Beauty,3027.98,127,27,9,2024,4,0.0,Very High,3.3985271531062766,5.377731863899501,-0.852174030253905,0.03886659056596826,63.350833333333334,12,204,8079.7300000000005
U0056,Aarohi Patel,39.0,Male,Vadodara,2024-05-06,T000656,P003,38.77,Credit Card,2025-03-26,Product_003,Beauty,3027.98,127,26,3,2025,1,0.0,Very High,3.6831128592195994,6.226556030423239,-0.6351594870284019,0.057001877968847814,77.48333333333333,3,400,8079.7300000000005
U0064,Ira Amin,22.0,Male,Delhi,2024-09-10,T000836,P003,140.39,Net Banking,2023-04-14,Product_003,Beauty,3027.98,127,14,4,2023,3,0.0,Very High,4.951522029603749,11.848628612628552,1.6037255771924737,0.24409912729682948,69.78285714285714,7,411,8079.7300000000005
U0065,Ira Gupta,38.0,Male,Bengaluru,2023-09-02,T000252,P003,96.84,Wallet,2024-01-27,Product_003,Beauty,3027.98,127,27,1,2024,5,0.0,Very High,4.583333491378917,9.840731680114036,0.6442348810025592,0.16391722207902196,58.042500000000004,4,200,8079.7300000000005
U0070,Anaya Ghosh,26.0,Female,Nagpur,2022-05-15,T000491,P003,43.97,Credit Card,2024-07-28,Product_003,Beauty,3027.98,127,28,7,2024,1,0.0,Very High,3.805995600782616,6.630987860040161,-0.5205934337519942,0.06657583680082482,58.925,2,321,8079.7300000000005
U0075,Reyansh Roy,18.0,Other,Surat,2023-09-19,T000589,P003,52.35,UPI,2024-04-05,Product_003,Beauty,3027.98,127,5,4,2024,4,0.0,Very High,3.976873977747762,7.235329985563893,-0.3359658325103986,0.08200463968774165,84.96,2,411,8079.7300000000005
U0116,Aditya Roy,34.0,Female,Patna,2022-07-19,T000181,P003,32.99,Credit Card,2025-01-25,Product_003,Beauty,3027.98,127,25,1,2025,1,0.0,Very High,3.5260663637080247,5.7436921923097515,-0.7625040616317935,0.0463600544979195,51.33090909090909,11,304,8079.7300000000005
U0126,Myra Gupta,49.0,Other,Surat,2022-08-29,T000751,P003,47.24,Credit Card,2023-04-26,Product_003,Beauty,3027.98,127,26,4,2023,1,0.0,Very High,3.87618855241893,6.8731361109758335,-0.44854901178779155,0.072596383989395,66.15166666666666,6,642,8079.7300000000005
U0127,Ishaan Nair,24.0,Female,Vadodara,2022-03-24,T000035,P003,197.62,Debit Card,2025-10-25,Product_003,Beauty,3027.98,127,25,10,2025,2,0.0,Very High,5.291393451475212,14.057738082636197,2.864613121232631,0.3494679088264535,130.4,2,187,8079.7300000000005
U0129,Arjun Das,32.0,Male,Indore,2023-02-22,T000334,P003,26.4,Credit Card,2023-03-21,Product_003,Beauty,3027.98,127,21,3,2023,1,0.0,Very High,3.3105430133940246,5.138093031466052,-0.9076945022263181,0.03422690282431785,62.84571428571429,7,425,8079.7300000000005
U0133,Diya Singh,23.0,Female,Indore,2023-07-06,T000686,P003,165.34,Net Banking,2023-05-22,Product_003,Beauty,3027.98,127,22,5,2023,3,0.0,Very High,5.1140338864405415,12.858460249967724,2.1534223135860073,0.2900357182310269,90.22999999999999,5,550,8079.7300000000005
U0135,Ishaan Mukherjee,24.0,Female,Mumbai,2023-02-03,T000470,P003,105.1,Credit Card,2023-04-10,Product_003,Beauty,3027.98,127,10,4,2023,1,0.0,Very High,4.664382045619937,10.251829105091442,0.8262186502454681,0.1791250874544316,58.055,8,363,8079.7300000000005
U0139,Kiara Reddy,38.0,Female,Pune,2022-02-21,T000043,P003,73.92,Cash,2023-05-21,Product_003,Beauty,3027.98,127,21,5,2023,0,0.0,Very High,4.316420877575887,8.597674104081872,0.13926296925346965,0.12171815738115402,85.75750000000001,4,312,8079.7300000000005
U0140,Ishaan Bose,22.0,Female,Chennai,2023-04-11,T000543,P003,37.53,UPI,2023-06-24,Product_003,Beauty,3027.98,127,24,6,2023,4,0.0,Very High,3.6514371586380663,6.126173356998641,-0.6624790843481606,0.05471885701660713,59.8075,4,674,8079.7300000000005
U0145,Aarav Kulkarni,34.0,Male,Kolkata,2022-05-10,T000302,P003,171.68,Credit Card,2023-06-16,Product_003,Beauty,3027.98,127,16,6,2023,1,0.0,Very High,5.151440170687277,13.10267148332736,2.293104770849935,0.301708583422322,67.94875,8,397,8079.7300000000005
U0153,Diya Gupta,26.0,Other,Lucknow,2022-01-13,T000428,P003,50.63,Net Banking,2023-04-10,Product_003,Beauty,3027.98,127,10,4,2023,3,0.0,Very High,3.9441028988915576,7.1154760908880865,-0.3738607578249027,0.07883786868947232,57.984,5,278,8079.7300000000005
U0025,Saanvi Bose,27.0,Female,Kolkata,2022-05-22,T000315,P004,38.63,UPI,2025-02-25,Product_004,Toys,2600.12,229,25,2,2025,4,7.0,Very High,3.679586407202344,6.215303693304134,-0.6382439576935359,0.05674411753875612,62.24166666666667,6,210,6015.99
U0025,Saanvi Bose,27.0,Female,Kolkata,2022-05-22,T000789,P004,47.82,Net Banking,2025-10-02,Product_004,Toys,2600.12,229,2,10,2025,3,7.0,Very High,3.888140064964814,6.915200647848188,-0.4357704904608077,0.07366424862834627,62.24166666666667,6,210,6015.99
U0038,Vivaan Ghosh,18.0,Other,Bengaluru,2022-03-29,T000991,P004,58.16,Wallet,2024-08-27,Product_004,Toys,2600.12,229,27,8,2024,5,7.0,Very High,4.080245637842599,7.626270385975047,-0.20796029990733544,0.09270169753654672,71.435,4,372,6015.99
U0039,Meera Gupta,21.0,Other,Ahmedabad,2022-05-12,T000187,P004,67.02,Net Banking,2023-07-31,Product_004,Toys,2600.12,229,31,7,2023,3,7.0,Very High,4.21980177957905,8.18657437515839,-0.012757370670994587,0.10901425046949219,51.09166666666667,6,224,6015.99
U0040,Meera Kapoor,33.0,Male,Jaipur,2023-06-25,T000790,P004,55.49,UPI,2023-01-08,Product_004,Toys,2600.12,229,8,1,2023,4,7.0,Very High,4.034063631337171,7.449161026585477,-0.2667855618781062,0.08778583790551238,91.0975,4,295,6015.99
U0053,Anaya Patel,26.0,Male,Chennai,2022-07-14,T000601,P004,95.87,Cash,2024-12-19,Product_004,Toys,2600.12,229,19,12,2024,0,7.0,Very High,4.573369873438294,9.791322688993557,0.6228639056798447,0.1621313105276724,52.748000000000005,5,356,6015.99
U0063,Anaya Verma,23.0,Male,Patna,2023-05-04,T000368,P004,29.82,Wallet,2024-04-07,Product_004,Toys,2600.12,229,7,4,2024,5,7.0,Very High,3.42816382989197,5.460769176590419,-0.8323452902637576,0.04052362190227197,43.135000000000005,2,392,6015.99
U0068,Sara Gupta,40.0,Female,Patna,2023-08-02,T000107,P004,117.52,Debit Card,2025-05-12,Product_004,Toys,2600.12,229,12,5,2025,2,7.0,Very High,4.775081722705364,10.840664186294122,1.0998552621095037,0.20199211989542287,79.6225,4,302,6015.99
U0096,Aditya Khan,20.0,Female,Visakhapatnam,2023-02-14,T000474,P004,43.69,Cash,2025-09-16,Product_004,Toys,2600.12,229,16,9,2025,0,7.0,Very High,3.79974976294536,6.609841147864296,-0.5267623750822623,0.06606031594064143,68.59833333333334,6,226,6015.99
U0103,Muhammad Mehta,29.0,Female,Bengaluru,2024-08-29,T000327,P004,20.56,Cash,2024-02-03,Product_004,Toys,2600.12,229,3,2,2024,0,7.0,Very High,3.070839746040796,4.534313619501853,-1.0363609928290527,0.02347461059763596,36.5125,4,424,6015.99
U0106,Aadhya Singh,35.0,Other,Ahmedabad,2022-07-16,T000878,P004,42.23,Debit Card,2023-10-09,Product_004,Toys,2600.12,229,9,10,2023,2,7.0,Very High,3.7665346986795405,6.498461356351979,-0.558928997732946,0.06337224288397096,40.444,5,248,6015.99
U0119,Ira Roy,41.0,Male,Vadodara,2022-09-13,T000443,P004,46.72,Cash,2025-04-25,Product_004,Toys,2600.12,229,25,4,2025,0,7.0,Very High,3.8653505972297153,6.835202996254025,-0.4600056171154324,0.07163898810619729,114.93666666666667,6,296,6015.99
U0121,Ira Kapoor,38.0,Other,Lucknow,2024-08-30,T000875,P004,99.26,Wallet,2023-05-26,Product_004,Toys,2600.12,229,26,5,2023,5,7.0,Very High,4.607766811835357,9.962931295557548,0.6975521596427335,0.16837279522774973,54.67714285714286,7,255,6015.99
U0126,Myra Gupta,49.0,Other,Surat,2022-08-29,T000698,P004,59.62,Debit Card,2024-07-27,Product_004,Toys,2600.12,229,27,7,2024,2,7.0,Very High,4.104624871629657,7.721398836998384,-0.1757936772566517,0.0953897705932172,66.15166666666666,6,642,6015.99
U0132,Aarav Chopra,32.0,Female,Bhopal,2022-01-07,T000716,P004,64.55,Wallet,2024-09-04,Product_004,Toys,2600.12,229,4,9,2024,5,7.0,Very High,4.182813210209709,8.034301463101817,-0.06717624597728823,0.1044666200243031,52.66833333333333,6,246,6015.99
U0142,Kiara Khan,42.0,Male,Bhopal,2022-01-20,T000998,P004,76.06,Credit Card,2024-05-29,Product_004,Toys,2600.12,229,29,5,2024,1,7.0,Very High,4.344584339198011,8.721238444166058,0.18641130656337593,0.1256582096696984,56.51,7,226,6015.99
U0153,Diya Gupta,26.0,Other,Lucknow,2022-01-13,T000904,P004,50.21,Wallet,2023-08-10,Product_004,Toys,2600.12,229,10,8,2023,5,7.0,Very High,3.935934825474459,7.08590149522275,-0.3831141698203049,0.07806458739919725,57.984,5,278,6015.99
U0159,Aditya Khan,22.0,Female,Kolkata,2024-02-08,T000583,P004,68.59,UPI,2023-01-20,Product_004,Toys,2600.12,229,20,1,2023,4,7.0,Very High,4.2426208788567585,8.28190799272728,0.02183276464515176,0.11190484957837757,100.2,3,196,6015.99
U0172,Vihaan Kapoor,25.0,Other,Pune,2022-07-16,T000989,P004,75.95,Debit Card,2024-06-30,Product_004,Toys,2600.12,229,30,6,2024,2,7.0,Very High,4.343155860284888,8.714929718592114,0.18398779389791348,0.1254556836174835,63.964,5,471,6015.99
U0173,Muhammad Joshi,31.0,Female,Patna,2024-09-27,T000685,P004,82.2,Debit Card,2024-04-02,Product_004,Toys,2600.12,229,2,4,2024,2,7.0,Very High,4.421247347827163,9.06642156531451,0.32168737716282664,0.1369628456751482,70.39666666666666,6,308,6015.99
U0185,Ira Bose,30.0,Female,Thane,2022-11-01,T000344,P004,129.66,Cash,2025-09-10,Product_004,Toys,2600.12,229,10,9,2025,0,7.0,Very High,4.872598529412604,11.386834503056589,1.367322932643271,0.22434363147623076,72.525,4,232,6015.99
U0195,Ishaan Reddy,33.0,Male,Delhi,2022-06-19,T000015,P004,45.19,Debit Card,2024-06-30,Product_004,Toys,2600.12,229,30,6,2024,2,7.0,Very High,3.832763324442514,6.722350779303324,-0.49371447509868316,0.06882203483448096,94.738,5,456,6015.99
U0006,Aarohi Mukherjee,30.0,Male,Thane,2023-08-27,T000724,P005,35.87,Debit Card,2025-06-27,Product_005,Books,1178.99,18,27,6,2025,2,1.0,High,3.607398212246053,5.989156868875618,-0.6990520936633217,0.05166255477409139,71.30499999999999,2,307,12529.84
U0012,Aarohi Singh,28.0,Other,Ghaziabad,2024-06-25,T000938,P005,26.14,UPI,2024-10-05,Product_005,Books,1178.99,18,5,10,2024,4,1.0,High,3.301008654406723,5.112729212465687,-0.9134228048901384,0.033748204882719,76.72625,8,207,12529.84
U0027,Vihaan Reddy,22.0,Other,Pune,2024-03-22,T000781,P005,87.49,UPI,2023-12-15,Product_005,Books,1178.99,18,15,12,2023,4,1.0,High,4.482889551279259,9.353608929178085,0.4382363044382489,0.14670250764075557,60.365,4,491,12529.84
U0035,Muhammad Reddy,38.0,Female,Pune,2023-07-07,T000248,P005,31.06,Wallet,2025-07-26,Product_005,Books,1178.99,18,26,7,2025,5,1.0,High,3.467609147181407,5.573149917237109,-0.8050256929439987,0.04280664285451264,51.217999999999996,5,278,12529.84
U0074,Diya Gupta,44.0,Male,Kanpur,2022-10-19,T000182,P005,38.11,Wallet,2023-07-04,Product_005,Books,1178.99,18,4,7,2023,5,1.0,High,3.666378188767423,6.17332973362026,-0.6497005630211767,0.05578672165555841,60.69333333333333,6,438,12529.84
U0082,Ishaan Verma,34.0,Male,Lucknow,2024-02-29,T000558,P005,61.0,UPI,2023-04-02,Product_005,Books,1178.99,18,2,4,2023,4,1.0,High,4.127134385045092,7.810249675906654,-0.14538960927175884,0.09793055197554956,57.357142857142854,7,210,12529.84
U0092,Reyansh Patel,39.0,Female,Delhi,2024-05-29,T000242,P005,53.54,UPI,2024-05-08,Product_005,Books,1178.99,18,8,5,2024,4,1.0,High,3.9989343774174424,7.3171032519706865,-0.3097478318567592,0.084195603343521,45.8,2,722,12529.84
U0097,Aarohi Nair,34.0,Male,Hyderabad,2024-06-17,T000541,P005,18.09,Net Banking,2025-09-08,Product_005,Books,1178.99,18,8,9,2025,3,1.0,High,2.949164637737656,4.253234063627348,-1.0907798681353464,0.018926980152446878,85.14,6,234,12529.84
U0123,Aarohi Roy,43.0,Male,Bhopal,2023-04-06,T000633,P005,29.89,Debit Card,2025-02-23,Product_005,Books,1178.99,18,23,2,2025,2,1.0,High,3.43043250693049,5.4671747731346585,-0.8308030549311906,0.040652502117317815,51.17285714285715,7,400,12529.84
U0130,Anaya Kapoor,27.0,Female,Indore,2022-03-05,T000180,P005,33.62,UPI,2025-08-03,Product_005,Books,1178.99,18,3,8,2025,4,1.0,High,3.544431549748063,5.79827560572969,-0.7486239436386904,0.04751997643333209,35.656,5,189,12529.84
U0149,Aarav Singh,36.0,Other,Nagpur,2023-02-11,T000413,P005,64.58,Credit Card,2025-05-17,Product_005,Books,1178.99,18,17,5,2025,1,1.0,High,4.1832707714165025,8.036168241145775,-0.06651528797761663,0.1045218544021799,66.35,2,348,12529.84
U0151,Kabir Kulkarni,34.0,Male,Patna,2024-03-12,T000655,P005,128.03,Credit Card,2024-06-20,Product_005,Books,1178.99,18,20,6,2024,1,1.0,High,4.860044935463755,11.315034246523517,1.3314108813277816,0.22134256361159182,71.11875,8,400,12529.84
U0182,Vivaan Reddy,25.0,Male,Patna,2024-08-29,T000283,P005,20.82,Cash,2024-08-17,Product_005,Books,1178.99,18,17,8,2024,0,1.0,High,3.0828269804049246,4.5628938186199335,-1.0306326901652325,0.023953308539234816,59.91181818181818,11,184,12529.84
U0024,Aarohi Kapoor,20.0,Female,Patna,2023-03-15,T000125,P006,29.86,Credit Card,2025-06-03,Product_006,Clothing,3250.7,481,3,6,2025,1,2.0,Very High,3.4294608469350147,5.4644304369257,-0.8314640129308621,0.04059726773944102,61.71545454545455,11,270,9080.87
U0028,Kiara Kulkarni,35.0,Male,Nagpur,2023-01-26,T000510,P006,151.09,Credit Card,2024-09-23,Product_006,Clothing,3250.7,481,23,9,2024,1,2.0,Very High,5.024472450884278,12.29186723000212,1.8394672637420053,0.26379938873955144,78.77333333333334,9,250,9080.87
U0033,Ishaan Amin,31.0,Male,Visakhapatnam,2024-07-23,T000725,P006,111.84,UPI,2023-09-08,Product_006,Clothing,3250.7,481,8,9,2023,4,2.0,Very High,4.725970886133796,10.57544325312183,0.9747138808383508,0.19153441101741722,71.74714285714286,7,451,9080.87
U0034,Vihaan Singh,23.0,Other,Visakhapatnam,2023-09-16,T000512,P006,51.52,Debit Card,2025-06-01,Product_006,Clothing,3250.7,481,1,6,2025,2,2.0,Very High,3.9611940494345954,7.177743377970544,-0.35425233716797905,0.08047648856648378,75.76333333333334,9,185,9080.87
U0039,Meera Gupta,21.0,Other,Ahmedabad,2022-05-12,T000919,P006,61.6,Cash,2023-06-03,Product_006,Clothing,3250.7,481,3,6,2023,0,2.0,Very High,4.136765278106052,7.848566748139434,-0.13217044927832713,0.09903523953308538,51.09166666666667,6,224,9080.87
U0045,Sai Chopra,20.0,Male,Mumbai,2022-03-14,T000052,P006,94.7,Cash,2025-02-22,Product_006,Clothing,3250.7,481,22,2,2025,0,2.0,Very High,4.5612182984589085,9.731392500562292,0.5970865436926529,0.15997716979047757,85.19375,8,385,9080.87
U0056,Aarohi Patel,39.0,Male,Vadodara,2024-05-06,T000641,P006,53.0,Credit Card,2023-10-14,Product_006,Clothing,3250.7,481,14,10,2023,1,2.0,Very High,3.9889840465642745,7.280109889280518,-0.3216450758508477,0.08320138454173877,77.48333333333333,3,400,9080.87
U0061,Aarohi Joshi,28.0,Male,Chennai,2022-10-31,T000949,P006,142.12,Net Banking,2025-06-28,Product_006,Clothing,3250.7,481,28,6,2025,3,2.0,Very High,4.963683439200464,11.921409312660982,1.6418408218402019,0.24728430975439109,86.66,7,306,9080.87
U0065,Ira Gupta,38.0,Male,Bengaluru,2023-09-02,T000625,P006,41.79,UPI,2023-12-05,Product_006,Clothing,3250.7,481,5,12,2023,4,2.0,Very High,3.7563044304287256,6.4645185435575945,-0.5686230483947959,0.06256213867511137,58.042500000000004,4,200,9080.87
U0072,Myra Kulkarni,44.0,Other,Hyderabad,2022-03-17,T000660,P006,79.82,UPI,2023-06-11,Product_006,Clothing,3250.7,481,11,6,2023,4,2.0,Very High,4.392224459650327,8.93420393767682,0.2692513758555475,0.13258091836358946,72.58,5,357,9080.87
U0073,Aarohi Das,31.0,Other,Jaipur,2022-05-16,T000219,P006,110.78,Debit Card,2024-07-12,Product_006,Clothing,3250.7,481,12,7,2024,2,2.0,Very High,4.716532653841552,10.525207836427745,0.9513600315166214,0.18958279633243727,84.952,5,196,9080.87
U0086,Aarohi Reddy,27.0,Female,Ahmedabad,2022-02-12,T000196,P006,41.2,Cash,2023-10-17,Product_006,Clothing,3250.7,481,17,10,2023,0,2.0,Very High,3.742420221041966,6.418722614352485,-0.5816218890550037,0.06147586257686784,87.285,4,204,9080.87
U0095,Muhammad Bose,28.0,Female,Jaipur,2024-06-04,T000447,P006,10.83,Cash,2024-01-26,Product_006,Clothing,3250.7,481,26,1,2024,0,2.0,Very High,2.4706386779902956,3.2908965343808667,-1.2507317040558696,0.005560260706263578,68.685,6,403,9080.87
U0097,Aarohi Nair,34.0,Male,Hyderabad,2024-06-17,T000418,P006,84.39,Wallet,2023-09-30,Product_006,Clothing,3250.7,481,30,9,2023,5,2.0,Very High,4.447228997919515,9.186402995732333,0.36993731113885214,0.1409949552601539,85.14,6,234,9080.87
U0110,Saanvi Kulkarni,31.0,Other,Lucknow,2023-04-22,T000791,P006,61.87,UPI,2025-09-10,Product_006,Clothing,3250.7,481,10,9,2025,4,2.0,Very High,4.14106910239497,7.865748533992171,-0.12622182728128298,0.09953234893397649,59.848,5,232,9080.87
U0117,Aadhya Joshi,31.0,Female,Kolkata,2022-06-01,T000010,P006,550.95,UPI,2024-05-31,Product_006,Clothing,3250.7,481,31,5,2024,4,2.0,Very High,6.313457462464361,23.472324128641375,10.649156122031313,0.9999999999999999,102.84153846153846,13,236,9080.87
U0141,Anaya Nair,33.0,Female,Jaipur,2024-02-10,T000783,P006,30.56,UPI,2025-09-15,Product_006,Clothing,3250.7,481,15,9,2025,4,2.0,Very High,3.4518904959776733,5.528109984434101,-0.8160416596051918,0.041886069889899465,54.653333333333336,9,227,9080.87
U0142,Kiara Khan,42.0,Male,Bhopal,2022-01-20,T000515,P006,53.38,Cash,2024-10-26,Product_006,Clothing,3250.7,481,26,10,2024,0,2.0,Very High,3.995996439204325,7.306161783043132,-0.31327294118834087,0.08390101999484478,56.51,7,226,9080.87
U0163,Sara Khan,41.0,Other,Mumbai,2023-06-14,T000771,P006,58.96,Wallet,2024-11-18,Product_006,Clothing,3250.7,481,18,11,2024,5,2.0,Very High,4.093677673234397,7.678541528180987,-0.19033475324942647,0.0941746142799278,109.69000000000001,7,462,9080.87
U0168,Saanvi Mehta,47.0,Female,Vadodara,2023-06-28,T000628,P006,39.9,Wallet,2023-07-14,Product_006,Clothing,3250.7,481,14,7,2023,5,2.0,Very High,3.711130063048756,6.316644678941502,-0.6102634023741057,0.05908237286887358,51.00599999999999,5,684,9080.87
U0173,Muhammad Joshi,31.0,Female,Patna,2024-09-27,T000146,P006,62.75,UPI,2025-06-26,Product_006,Clothing,3250.7,481,26,6,2025,4,2.0,Very High,4.154969184038536,7.92148975887743,-0.10683372595758316,0.10115255735169568,70.39666666666666,6,308,9080.87
U0188,Muhammad Das,31.0,Female,Bengaluru,2022-06-10,T000928,P006,34.72,UPI,2024-12-02,Product_006,Clothing,3250.7,481,2,12,2024,4,2.0,Very High,3.575710756008298,5.892367945062494,-0.7243888169840657,0.049545236955481076,60.9925,8,422,9080.87
U0197,Kabir Roy,24.0,Male,Thane,2023-12-07,T000375,P006,89.81,Wallet,2024-04-20,Product_006,Clothing,3250.7,481,20,4,2024,5,2.0,Very High,4.508769411701737,9.476813810558905,0.48935038974618483,0.15097396619656073,61.105000000000004,4,186,9080.87
U0200,Kiara Nair,22.0,Other,Jaipur,2022-01-27,T000881,P006,44.29,Net Banking,2024-11-12,Product_006,Clothing,3250.7,481,12,11,2024,3,2.0,Very High,3.8130862575681226,6.655073252789935,-0.5135432150888306,0.06716500349817725,57.14833333333333,6,249,9080.87
U0003,Aarohi Gupta,37.0,Other,Indore,2022-02-02,T000548,P007,34.7,UPI,2024-03-30,Product_007,Books,2084.59,134,30,3,2024,4,1.0,Very High,3.5751506887855933,5.890670590009257,-0.7248294556505133,0.049508414036896556,40.597500000000004,4,180,12529.84
U0012,Aarohi Singh,28.0,Other,Ghaziabad,2024-06-25,T000620,P007,103.47,Wallet,2025-07-30,Product_007,Books,2084.59,134,30,7,2025,5,1.0,Very High,4.648899948849417,10.172020448268869,0.7903065989299789,0.17612401958979265,76.72625,8,207,12529.84
U0028,Kiara Kulkarni,35.0,Male,Nagpur,2023-01-26,T000480,P007,117.09,Cash,2023-11-01,Product_007,Books,2084.59,134,1,11,2023,0,1.0,Very High,4.77144704561319,10.820813278122861,1.0903815307808777,0.20120042714585554,78.77333333333334,9,250,12529.84
U0030,Aarohi Sharma,29.0,Other,Hyderabad,2023-11-30,T000088,P007,77.71,Debit Card,2023-10-05,Product_007,Books,2084.59,134,5,10,2023,2,1.0,Very High,4.3657702121543585,8.815327560561775,0.22276399654531281,0.12869610045292187,66.00111111111111,9,213,12529.84
U0030,Aarohi Sharma,29.0,Other,Hyderabad,2023-11-30,T000959,P007,98.4,Wallet,2024-03-30,Product_007,Books,2084.59,134,30,3,2024,5,1.0,Very High,4.599152113662528,9.919677414109795,0.6786046969854815,0.16678940972861508,66.00111111111111,9,213,12529.84
U0033,Ishaan Amin,31.0,Male,Visakhapatnam,2024-07-23,T000331,P007,80.09,Net Banking,2025-02-03,Product_007,Books,2084.59,134,3,2,2025,3,1.0,Very High,4.395559648956466,8.94930164873215,0.27519999785259197,0.1330780277644806,71.74714285714286,7,451,12529.84
U0034,Vihaan Singh,23.0,Other,Visakhapatnam,2023-09-16,T000893,P007,84.49,Net Banking,2025-10-27,Product_007,Books,2084.59,134,27,10,2025,3,1.0,Very High,4.448399410038142,9.191844211038392,0.3721405044710906,0.14117906985307652,75.76333333333334,9,185,12529.84
U0036,Ira Sharma,22.0,Other,Lucknow,2023-05-16,T000367,P007,16.07,Cash,2024-05-05,Product_007,Books,2084.59,134,5,5,2024,0,1.0,Very High,2.837322536806349,4.008740450565489,-1.1352843734465665,0.01520786537540965,38.962,5,245,12529.84
U0040,Meera Kapoor,33.0,Male,Jaipur,2023-06-25,T000708,P007,85.43,Debit Card,2025-07-09,Product_007,Books,2084.59,134,9,7,2025,2,1.0,Very High,4.459334837764547,9.242835062901426,0.3928505217941338,0.14290974702654932,91.0975,4,295,12529.84
U0041,Sara Mukherjee,37.0,Male,Vadodara,2024-02-13,T000743,P007,80.65,Debit Card,2024-05-08,Product_007,Books,2084.59,134,8,5,2024,2,1.0,Very High,4.402441819416474,8.980534505250787,0.28753788051312823,0.13410906948484735,77.558,5,224,12529.84
U0041,Sara Mukherjee,37.0,Male,Vadodara,2024-02-13,T000933,P007,143.77,Net Banking,2025-09-15,Product_007,Books,2084.59,134,15,9,2025,3,1.0,Very High,4.975146276165952,11.990412836929345,1.6781935118221392,0.25032220053761456,77.558,5,224,12529.84
U0052,Vivaan Patel,28.0,Male,Nagpur,2024-01-16,T000792,P007,16.04,Credit Card,2024-02-28,Product_007,Books,2084.59,134,28,2,2024,1,1.0,Very High,2.8355635214011694,4.004996878900157,-1.135945331446238,0.01515263099753286,63.350833333333334,12,204,12529.84
U0061,Aarohi Joshi,28.0,Male,Chennai,2022-10-31,T000171,P007,55.41,Debit Card,2024-06-08,Product_007,Books,2084.59,134,8,6,2024,2,1.0,Very High,4.032646447751885,7.443789357578571,-0.2685481165438972,0.08763854623117426,86.66,7,306,12529.84
U0066,Aditya Ghosh,42.0,Female,Hyderabad,2024-08-22,T000774,P007,36.91,Wallet,2023-01-03,Product_007,Books,2084.59,134,3,1,2023,5,1.0,Very High,3.635214929528243,6.0753600716336145,-0.6761388830080401,0.05357734654048678,41.803333333333335,3,211,12529.84
U0076,Ira Sharma,38.0,Other,Vadodara,2022-11-03,T000205,P007,41.68,Cash,2023-03-19,Product_007,Books,2084.59,134,19,3,2023,0,1.0,Very High,3.7537304264335525,6.456004956627589,-0.5710465610602583,0.06235961262289648,71.53428571428572,7,199,12529.84
U0076,Ira Sharma,38.0,Other,Vadodara,2022-11-03,T000869,P007,41.24,Net Banking,2023-09-20,Product_007,Books,2084.59,134,20,9,2023,3,1.0,Very High,3.743367639398006,6.421837743200929,-0.5807406117221082,0.06154950841403689,71.53428571428572,7,199,12529.84
U0082,Ishaan Verma,34.0,Male,Lucknow,2024-02-29,T000225,P007,80.42,Wallet,2024-11-17,Product_007,Books,2084.59,134,17,11,2024,5,1.0,Very High,4.399620943074833,8.967719888578143,0.2824705358489793,0.1336856059211253,57.357142857142854,7,210,12529.84
U0083,Arjun Khan,43.0,Male,Thane,2023-07-19,T000260,P007,26.61,Credit Card,2024-11-02,Product_007,Books,2084.59,134,2,11,2024,1,1.0,Very High,3.3181780259420632,5.158488150611572,-0.903067796228617,0.03461354346945538,59.12375,8,189,12529.84
U0085,Arjun Kapoor,25.0,Male,Kanpur,2023-08-20,T000194,P007,163.84,Cash,2025-03-02,Product_007,Books,2084.59,134,2,3,2025,0,1.0,Very High,5.1049753064706165,12.8,2.1203744136024283,0.28727399933718745,65.51666666666667,6,294,12529.84
U0108,Saanvi Singh,33.0,Female,Vadodara,2024-05-03,T000911,P007,48.7,Cash,2023-08-30,Product_007,Books,2084.59,134,30,8,2023,0,1.0,Very High,3.906004933102583,6.978538528947161,-0.41638238913710784,0.07528445704606547,63.251666666666665,6,279,12529.84
U0120,Vihaan Roy,38.0,Male,Thane,2023-11-15,T000458,P007,53.81,Wallet,2025-08-19,Product_007,Books,2084.59,134,19,8,2025,5,1.0,Very High,4.003872659058025,7.335529974037323,-0.30379920985971487,0.0846927127444121,60.0675,4,254,12529.84
U0124,Ishaan Ghosh,20.0,Other,Jaipur,2024-02-24,T000061,P007,31.31,Debit Card,2025-02-20,Product_007,Books,2084.59,134,20,2,2025,2,1.0,Very High,3.475376779836407,5.595533933415112,-0.7995177096134022,0.04326692933681923,64.74000000000001,3,384,12529.84
U0142,Kiara Khan,42.0,Male,Bhopal,2022-01-20,T000218,P007,58.52,Wallet,2023-09-13,Product_007,Books,2084.59,134,13,9,2023,5,1.0,Very High,4.086312390524837,7.649836599562111,-0.2000288039112763,0.09336451007106822,56.51,7,226,12529.84
U0145,Aarav Kulkarni,34.0,Male,Kolkata,2022-05-10,T000489,P007,83.64,Cash,2023-03-29,Product_007,Books,2084.59,134,29,3,2023,0,1.0,Very High,4.438406968109989,9.14549069213894,0.35341336114706257,0.13961409581323414,67.94875,8,397,12529.84
U0148,Vihaan Iyer,21.0,Female,Hyderabad,2023-08-16,T000569,P007,37.48,Cash,2024-01-18,Product_007,Books,2084.59,134,18,1,2024,0,1.0,Very High,3.6501386257975055,6.1220911460055865,-0.66358068101428,0.05462679972014581,39.166666666666664,3,445,12529.84
U0149,Aarav Singh,36.0,Other,Nagpur,2023-02-11,T000701,P007,68.12,Cash,2023-10-01,Product_007,Books,2084.59,134,1,10,2023,0,1.0,Very High,4.2358441244958005,8.25348411278534,0.011477755983630315,0.1110395109916412,66.35,2,348,12529.84
U0150,Muhammad Gupta,34.0,Other,Kolkata,2022-04-15,T000854,P007,63.84,Credit Card,2025-02-05,Product_007,Books,2084.59,134,5,2,2025,1,1.0,Very High,4.171922696867475,7.989993742175272,-0.08281891863618224,0.1031594064145524,50.943333333333335,9,271,12529.84
U0151,Kabir Kulkarni,34.0,Male,Patna,2024-03-12,T000759,P007,76.85,UPI,2024-09-10,Product_007,Books,2084.59,134,10,9,2024,4,1.0,Very High,4.354783898280007,8.766413177577247,0.20381653388806076,0.1271127149537872,71.11875,8,400,12529.84
U0161,Aarav Joshi,24.0,Female,Pune,2023-05-15,T000069,P007,41.93,Wallet,2023-03-22,Product_007,Books,2084.59,134,22,3,2023,5,1.0,Very High,3.7595708822364693,6.47533782902483,-0.5655385777296619,0.06281989910520307,59.246,5,200,12529.84
U0166,Meera Roy,35.0,Male,Bengaluru,2022-10-29,T000560,P007,83.11,Wallet,2023-12-03,Product_007,Books,2084.59,134,3,12,2023,5,1.0,Very High,4.432125465974346,9.116468614545875,0.3417364364861979,0.13863828847074416,83.738,5,372,12529.84
U0187,Vivaan Kulkarni,35.0,Other,Hyderabad,2024-08-28,T000122,P007,78.03,UPI,2025-05-24,Product_007,Books,2084.59,134,24,5,2025,4,1.0,Very High,4.369827527216884,8.833459118601274,0.22981421520847653,0.1292852671502743,54.42714285714286,7,334,12529.84
U0005,Sara Sharma,30.0,Other,Chennai,2024-01-04,T000621,P008,40.03,Debit Card,2025-06-22,Product_008,Books,4534.16,161,22,6,2025,2,1.0,Very High,3.714303506454095,6.326926584053272,-0.6073992510421954,0.059321721839673006,57.94833333333333,6,312,12529.84
U0015,Vihaan Bose,18.0,Female,Thane,2023-10-13,T000295,P008,136.17,Cash,2023-11-10,Product_008,Books,4534.16,161,10,11,2023,0,1.0,Very High,4.921221032490315,11.669190203266034,1.5107508185720042,0.23632949147549426,88.21000000000001,5,326,12529.84
U0017,Ishaan Gupta,23.0,Other,Pune,2023-07-01,T000234,P008,83.98,Net Banking,2023-02-03,Product_008,Books,4534.16,161,3,2,2023,3,1.0,Very High,4.442415934686665,9.164060235506966,0.3609042184766739,0.1402400854291711,73.136,5,235,12529.84
U0045,Sai Chopra,20.0,Male,Mumbai,2022-03-14,T000104,P008,78.75,Wallet,2023-02-22,Product_008,Books,4534.16,161,22,2,2023,5,1.0,Very High,4.378896741664954,8.874119674649425,0.2456772072005945,0.1306108922193173,85.19375,8,385,12529.84
U0047,Anaya Gupta,28.0,Other,Kolkata,2022-10-13,T000929,P008,52.54,Net Banking,2025-03-30,Product_008,Books,4534.16,161,30,3,2025,3,1.0,Very High,3.9804290380922063,7.248448109768049,-0.3317797651791453,0.08235445741429465,40.7375,4,208,12529.84
U0049,Saanvi Chopra,34.0,Female,Kolkata,2024-03-14,T000965,P008,100.84,Net Banking,2024-03-17,Product_008,Books,4534.16,161,17,3,2024,3,1.0,Very High,4.623402954249151,10.041912168506554,0.7323626142921036,0.17128180579592736,78.0,5,195,12529.84
U0050,Meera Mukherjee,18.0,Male,Hyderabad,2022-04-10,T000382,P008,42.56,UPI,2023-11-29,Product_008,Books,4534.16,161,29,11,2023,4,1.0,Very High,3.77413929806476,6.523802572120037,-0.5516584597365586,0.06397982104061567,42.56,1,883,12529.84
U0052,Vivaan Patel,28.0,Male,Nagpur,2024-01-16,T000280,P008,106.88,Debit Card,2023-06-01,Product_008,Books,4534.16,161,1,6,2023,2,1.0,Very High,4.681019498271529,10.338278386656068,0.8654354915593154,0.1824023272084545,63.350833333333334,12,204,12529.84
U0070,Anaya Ghosh,26.0,Female,Nagpur,2022-05-15,T000254,P008,73.88,UPI,2025-06-13,Product_008,Books,4534.16,161,13,6,2025,4,1.0,Very High,4.315886832169337,8.59534757877772,0.13838169192057406,0.12164451154398495,58.925,2,321,12529.84
U0073,Aarohi Das,31.0,Other,Jaipur,2022-05-16,T000912,P008,62.21,Credit Card,2025-10-16,Product_008,Books,4534.16,161,16,10,2025,1,1.0,Very High,4.146462516484207,7.887331614684398,-0.11873096995167164,0.10015833854991345,84.952,5,196,12529.84
U0074,Diya Gupta,44.0,Male,Kanpur,2022-10-19,T000361,P008,64.97,Cash,2025-02-16,Product_008,Books,4534.16,161,16,2,2025,0,1.0,Very High,4.1892000932347795,8.060397012554654,-0.05792283398188604,0.10523990131457818,60.69333333333333,6,438,12529.84
U0078,Vihaan Kapoor,29.0,Male,Jaipur,2022-10-16,T000232,P008,16.06,Credit Card,2024-05-03,Product_008,Books,4534.16,161,3,5,2024,1,1.0,Very High,2.836736542063533,4.007492981902775,-1.1355046927797903,0.015189453916117387,42.51,4,555,12529.84
U0083,Arjun Khan,43.0,Male,Thane,2023-07-19,T000011,P008,76.9,Net Banking,2023-01-03,Product_008,Books,4534.16,161,3,1,2023,3,1.0,Very High,4.355425952876702,8.769264507357502,0.20491813055418032,0.12720477225024854,59.12375,8,189,12529.84
U0084,Kiara Kapoor,27.0,Male,Hyderabad,2022-03-19,T000155,P008,53.98,Credit Card,2025-10-15,Product_008,Books,4534.16,161,15,10,2025,1,1.0,Very High,4.0069694827371,7.347108274688757,-0.30005378119490933,0.08500570755238059,45.842499999999994,4,197,12529.84
U0122,Myra Kulkarni,24.0,Other,Visakhapatnam,2023-03-13,T000794,P008,36.26,UPI,2025-03-25,Product_008,Books,4534.16,161,25,3,2025,4,1.0,Very High,3.6179203651734424,6.021627686929839,-0.690459639667591,0.052380601686489656,44.423333333333325,3,401,12529.84
U0125,Ira Joshi,36.0,Other,Kolkata,2022-10-09,T000937,P008,111.46,Net Banking,2025-06-21,Product_008,Books,4534.16,161,21,6,2025,3,1.0,Very High,4.722597602864056,10.557461816175325,0.9663417461758438,0.1908347755643112,95.11,2,313,12529.84
U0135,Ishaan Mukherjee,24.0,Female,Mumbai,2023-02-03,T000108,P008,38.28,Wallet,2023-05-11,Product_008,Books,4534.16,161,11,5,2023,5,1.0,Very High,3.670715483486265,6.187083319303208,-0.6459551343563711,0.05609971646352689,58.055,8,363,12529.84
U0147,Ishaan Mehta,22.0,Male,Ghaziabad,2023-09-14,T000592,P008,61.84,UPI,2025-01-21,Product_008,Books,4534.16,161,21,1,2025,4,1.0,Very High,4.14059181338742,7.863841300535,-0.12688278528095445,0.0994771145560997,56.32750000000001,12,187,12529.84
U0163,Sara Khan,41.0,Other,Mumbai,2023-06-14,T000839,P008,62.47,Wallet,2023-03-04,Product_008,Books,4534.16,161,4,3,2023,5,1.0,Very High,4.150567353318379,7.903796556086196,-0.1130026672878513,0.1006370364915123,109.69000000000001,7,462,12529.84
U0172,Vihaan Kapoor,25.0,Other,Pune,2022-07-16,T000128,P008,87.79,Net Banking,2024-12-25,Product_008,Books,4534.16,161,25,12,2024,3,1.0,Very High,4.4862740310442355,9.369631796394136,0.444845884434965,0.1472548514195235,63.964,5,471,12529.84
U0182,Vivaan Reddy,25.0,Male,Patna,2024-08-29,T000559,P008,32.62,Credit Card,2024-12-03,Product_008,Books,4534.16,161,3,12,2024,1,1.0,Very High,3.5151211279804695,5.711392124517454,-0.7706558769610765,0.04567883050410574,59.91181818181818,11,184,12529.84
U0182,Vivaan Reddy,25.0,Male,Patna,2024-08-29,T000984,P008,21.28,UPI,2025-09-10,Product_008,Books,4534.16,161,10,9,2025,4,1.0,Very High,3.1036894150590832,4.613025037868319,-1.0204980008369349,0.024800235666678938,59.91181818181818,11,184,12529.84
U0188,Muhammad Das,31.0,Female,Bengaluru,2022-06-10,T000671,P008,49.1,Credit Card,2024-11-17,Product_008,Books,4534.16,161,17,11,2024,1,1.0,Very High,3.914021008090819,7.00713921654194,-0.40756961580815343,0.076020915417756,60.9925,8,422,12529.84
U0193,Ishaan Chopra,33.0,Other,Chennai,2023-03-12,T000642,P008,81.85,Cash,2025-02-25,Product_008,Books,4534.16,161,25,2,2025,0,1.0,Very High,4.417031743872572,9.047098982546835,0.3139762004999913,0.13631844459991896,70.998,5,429,12529.84
U0199,Meera Roy,32.0,Male,Ghaziabad,2022-02-10,T000757,P008,67.06,Cash,2025-01-17,Product_008,Books,4534.16,161,17,1,2025,0,1.0,Very High,4.22038966907276,8.189017035029297,-0.011876093338099004,0.10908789630666126,76.08555555555556,9,261,12529.84
U0009,Aditya Bose,28.0,Male,Kanpur,2024-05-17,T000269,P009,39.71,Credit Card,2024-04-28,Product_009,Clothing,1799.44,163,28,4,2024,1,2.0,Very High,3.7064737625148876,6.30158710167526,-0.614449469705359,0.05873255514232058,60.51666666666667,3,502,9080.87
U0017,Ishaan Gupta,23.0,Other,Pune,2023-07-01,T000116,P009,55.29,UPI,2024-10-27,Product_009,Clothing,1799.44,163,27,10,2024,4,2.0,Very High,4.030516899475935,7.4357245780085215,-0.2711919485425835,0.0874176087196671,73.136,5,235,9080.87
U0028,Kiara Kulkarni,35.0,Male,Nagpur,2023-01-26,T000525,P009,60.49,UPI,2023-01-14,Product_009,Clothing,1799.44,163,14,1,2023,4,2.0,Very High,4.118874559965378,7.7775317421403045,-0.1566258952661757,0.09699156755164413,78.77333333333334,9,250,9080.87
U0038,Vivaan Ghosh,18.0,Other,Bengaluru,2022-03-29,T000226,P009,124.11,Credit Card,2024-08-10,Product_009,Clothing,1799.44,163,10,8,2024,1,2.0,Very High,4.829193350329309,11.140466776576284,1.245045702704028,0.21412527156902453,71.435,4,372,9080.87
U0044,Aditya Nair,29.0,Male,Patna,2023-07-22,T000468,P009,134.61,Wallet,2025-09-27,Product_009,Clothing,1799.44,163,27,9,2025,5,2.0,Very High,4.909783119099854,11.602154972245458,1.4763810025890824,0.2334573038259012,73.16857142857144,7,215,9080.87
U0044,Aditya Nair,29.0,Male,Patna,2023-07-22,T000519,P009,43.9,UPI,2024-09-08,Product_009,Clothing,1799.44,163,8,9,2024,4,2.0,Very High,3.8044377947482086,6.6257075093909785,-0.5221356690845612,0.06644695658577897,73.16857142857144,7,215,9080.87
U0052,Vivaan Patel,28.0,Male,Nagpur,2024-01-16,T000073,P009,109.72,Cash,2025-01-19,Product_009,Clothing,1799.44,163,19,1,2025,0,2.0,Very High,4.707004491869359,10.474731500138798,0.9280061821948921,0.18763118164745735,63.350833333333334,12,204,9080.87
U0052,Vivaan Patel,28.0,Male,Nagpur,2024-01-16,T000286,P009,23.26,Debit Card,2025-10-08,Product_009,Clothing,1799.44,163,8,10,2025,2,2.0,Very High,3.1888289035159043,4.822862220714998,-0.9768747728586102,0.028445704606547113,63.350833333333334,12,204,9080.87
U0052,Vivaan Patel,28.0,Male,Nagpur,2024-01-16,T000707,P009,24.15,Cash,2023-08-12,Product_009,Clothing,1799.44,163,12,8,2023,0,2.0,Very High,3.224857896545748,4.914264950122246,-0.9572663522016868,0.030084324483558557,63.350833333333334,12,204,9080.87
U0057,Aarav Gupta,25.0,Male,Pune,2023-02-21,T000398,P009,30.35,Net Banking,2023-11-10,Product_009,Clothing,1799.44,163,10,11,2023,3,2.0,Very High,3.4452142670789296,5.509083408335728,-0.8206683656028929,0.04149942924476194,87.152,5,587,9080.87
U0058,Meera Joshi,29.0,Male,Nagpur,2024-07-13,T000204,P009,56.16,Debit Card,2023-06-08,Product_009,Clothing,1799.44,163,8,6,2023,2,2.0,Very High,4.045854353061666,7.493997598078078,-0.25202416655210763,0.08901940567809402,52.6725,4,363,9080.87
U0059,Vivaan Iyer,34.0,Female,Mumbai,2023-02-04,T000827,P009,55.86,UPI,2025-06-26,Product_009,Clothing,1799.44,163,26,6,2025,4,2.0,Very High,4.040592106222854,7.473954776421918,-0.25863374654882343,0.08846706189932613,51.112,5,242,9080.87
U0083,Arjun Khan,43.0,Male,Thane,2023-07-19,T000760,P009,71.42,Debit Card,2025-06-13,Product_009,Clothing,1799.44,163,13,6,2025,2,2.0,Very High,4.282482504337495,8.45103543951864,0.08418313594750439,0.11711529255808814,59.12375,8,189,9080.87
U0103,Muhammad Mehta,29.0,Female,Bengaluru,2024-08-29,T000312,P009,52.98,UPI,2023-08-06,Product_009,Clothing,1799.44,163,6,8,2023,4,2.0,Very High,3.9886136075898584,7.2787361540311375,-0.32208571451729545,0.08316456162315423,36.5125,4,424,9080.87
U0111,Myra Roy,18.0,Other,Chennai,2023-06-08,T000325,P009,34.54,UPI,2025-01-19,Product_009,Clothing,1799.44,163,19,1,2025,4,2.0,Very High,3.570658822726505,5.877074101966046,-0.7283545649820952,0.04921383068822034,43.57,3,368,9080.87
U0116,Aditya Roy,34.0,Female,Patna,2022-07-19,T000977,P009,19.77,Debit Card,2025-04-25,Product_009,Clothing,1799.44,163,25,4,2025,2,2.0,Very High,3.033509637888021,4.446346815083142,-1.0537662201537379,0.022020105313547145,51.33090909090909,11,304,9080.87
U0117,Aadhya Joshi,31.0,Female,Kolkata,2022-06-01,T000409,P009,18.78,Cash,2025-04-30,Product_009,Clothing,1799.44,163,30,4,2025,0,2.0,Very High,2.984671326194566,4.3335897360040905,-1.0755778341429,0.020197370843613068,102.84153846153846,13,236,9080.87
U0122,Myra Kulkarni,24.0,Other,Visakhapatnam,2023-03-13,T000848,P009,21.2,Wallet,2023-12-21,Product_009,Clothing,1799.44,163,21,12,2023,5,2.0,Very High,3.100092288878234,4.604345773288535,-1.0222605555027258,0.02465294399234083,44.423333333333325,3,401,9080.87
U0125,Ira Joshi,36.0,Other,Kolkata,2022-10-09,T000584,P009,78.76,Debit Card,2025-02-25,Product_009,Clothing,1799.44,163,25,2,2025,2,2.0,Very High,4.379022125653583,8.874683092933516,0.24589752653381847,0.13062930367860956,95.11,2,313,9080.87
U0141,Anaya Nair,33.0,Female,Jaipur,2024-02-10,T000016,P009,86.09,UPI,2025-06-16,Product_009,Clothing,1799.44,163,16,6,2025,4,2.0,Very High,4.466942066704648,9.278469701410897,0.4073915977869086,0.14412490333983868,54.653333333333336,9,227,9080.87
U0173,Muhammad Joshi,31.0,Female,Patna,2024-09-27,T000576,P009,21.28,UPI,2023-08-30,Product_009,Clothing,1799.44,163,30,8,2023,4,2.0,Very High,3.1036894150590832,4.613025037868319,-1.0204980008369349,0.024800235666678938,70.39666666666666,6,308,9080.87
U0175,Muhammad Singh,34.0,Male,Kanpur,2022-07-03,T000861,P009,86.75,Wallet,2023-02-22,Product_009,Clothing,1799.44,163,22,2,2023,5,2.0,Very High,4.4744918623459755,9.313968005098578,0.4219326737796833,0.14534005965312807,53.07333333333333,6,437,9080.87
U0177,Ishaan Verma,32.0,Male,Vadodara,2022-10-27,T000623,P009,216.88,Wallet,2024-09-10,Product_009,Clothing,1799.44,163,10,9,2024,5,2.0,Very High,5.383944452515474,14.726846234004075,3.2889481570217867,0.384928379423353,77.21000000000001,5,190,9080.87
U0187,Vivaan Kulkarni,35.0,Other,Hyderabad,2024-08-28,T000900,P009,67.21,Debit Card,2023-02-14,Product_009,Clothing,1799.44,163,14,2,2023,2,2.0,Very High,4.222591181666628,8.19817052762383,-0.008571303339741277,0.10936406819604519,54.42714285714286,7,334,9080.87
U0188,Muhammad Das,31.0,Female,Bengaluru,2022-06-10,T000071,P009,129.64,Credit Card,2024-08-27,Product_009,Clothing,1799.44,163,27,8,2024,1,2.0,Very High,4.8724454486622095,11.385956261992225,1.366882293976823,0.2243068085576462,60.9925,8,422,9080.87
U0188,Muhammad Das,31.0,Female,Bengaluru,2022-06-10,T000973,P009,58.12,Credit Card,2025-03-04,Product_009,Clothing,1799.44,163,4,3,2025,1,2.0,Very High,4.079569276639947,7.623647421018367,-0.20884157724023086,0.09262805169937767,60.9925,8,422,9080.87
U0197,Kabir Roy,24.0,Male,Thane,2023-12-07,T000154,P009,49.6,UPI,2024-08-15,Product_009,Clothing,1799.44,163,15,8,2024,4,2.0,Very High,3.92395157629342,7.042726744663604,-0.3965536491469604,0.07694148838236918,61.105000000000004,4,186,9080.87
U0197,Kabir Roy,24.0,Male,Thane,2023-12-07,T000294,P009,32.56,Net Banking,2025-10-26,Product_009,Clothing,1799.44,163,26,10,2025,3,2.0,Very High,3.5133348815990053,5.706137047074843,-0.7719777929604196,0.045568361748352174,61.105000000000004,4,186,9080.87
U0006,Aarohi Mukherjee,30.0,Male,Thane,2023-08-27,T000756,P010,106.74,Cash,2023-10-18,Product_010,Sports,1315.44,77,18,10,2023,0,6.0,High,4.6797209172523875,10.331505214633538,0.8623510208941814,0.1821445667783628,71.30499999999999,2,307,4606.07
U0008,Ishaan Reddy,38.0,Male,Lucknow,2022-04-15,T000268,P010,86.01,Cash,2025-06-16,Product_010,Sports,1315.44,77,16,6,2025,0,6.0,High,4.466023054577933,9.274157643689264,0.4056290431211177,0.1439776116655006,52.05666666666667,3,318,4606.07
U0014,Sai Singh,18.0,Male,Kolkata,2024-06-06,T000145,P010,41.16,Debit Card,2023-04-12,Product_010,Sports,1315.44,77,12,4,2023,2,6.0,High,3.741471904233107,6.415605972938176,-0.5825031663878992,0.06140221673969877,91.97200000000001,5,455,4606.07
U0018,Sai Iyer,34.0,Female,Nagpur,2022-10-04,T000140,P010,38.93,Wallet,2023-03-04,Product_010,Sports,1315.44,77,4,3,2023,5,6.0,High,3.6871279210751298,6.239390995922599,-0.6316343776968202,0.057296461317524014,116.02000000000001,5,519,4606.07
U0049,Saanvi Chopra,34.0,Female,Kolkata,2024-03-14,T000859,P010,75.65,Cash,2024-05-07,Product_010,Sports,1315.44,77,7,5,2024,0,6.0,High,4.339249605317823,8.697700845625814,0.1773782139011977,0.1249033398387156,78.0,5,195,4606.07
U0064,Ira Amin,22.0,Male,Delhi,2024-09-10,T000607,P010,62.38,Wallet,2024-10-21,Product_010,Sports,1315.44,77,21,10,2024,5,6.0,High,4.149148354262775,7.8981010375912515,-0.11498554128686596,0.10047133335788193,69.78285714285714,7,411,4606.07
U0069,Ira Nair,34.0,Female,Chennai,2023-11-17,T000508,P010,156.47,Net Banking,2023-11-12,Product_010,Sports,1315.44,77,12,11,2023,3,6.0,High,5.059234963932318,12.508796904578793,1.9579990650164425,0.2737047538387892,77.01666666666667,6,900,4606.07
U0071,Kabir Roy,34.0,Female,Bengaluru,2022-01-10,T000103,P010,85.49,Debit Card,2024-05-28,Product_010,Sports,1315.44,77,28,5,2024,2,6.0,High,4.460028800318421,9.24608025057105,0.3941724377934767,0.14302021578230287,73.29333333333334,9,495,4606.07
U0076,Ira Sharma,38.0,Other,Vadodara,2022-11-03,T000463,P010,53.54,Debit Card,2024-11-06,Product_010,Sports,1315.44,77,6,11,2024,2,6.0,High,3.9989343774174424,7.3171032519706865,-0.3097478318567592,0.084195603343521,71.53428571428572,7,199,4606.07
U0105,Kabir Amin,30.0,Female,Indore,2022-12-01,T000440,P010,25.1,UPI,2025-02-09,Product_010,Sports,1315.44,77,9,2,2025,4,6.0,High,3.261935314328648,5.0099900199501395,-0.9363360155454199,0.031833413116323594,82.48,6,355,4606.07
U0126,Myra Gupta,49.0,Other,Surat,2022-08-29,T000609,P010,115.98,Cash,2024-07-04,Product_010,Sports,1315.44,77,4,7,2024,0,6.0,High,4.76200298001488,10.769401097554125,1.0659260847930292,0.1991567551644143,66.15166666666666,6,642,4606.07
U0150,Muhammad Gupta,34.0,Other,Kolkata,2022-04-15,T000054,P010,101.44,Debit Card,2025-08-02,Product_010,Sports,1315.44,77,2,8,2025,2,6.0,High,4.629277261331325,10.071742649611338,0.7455817742855352,0.17238649335346315,50.943333333333335,9,271,4606.07
U0151,Kabir Kulkarni,34.0,Male,Patna,2024-03-12,T000494,P010,79.01,Wallet,2025-03-26,Product_010,Sports,1315.44,77,26,3,2025,5,6.0,High,4.382151626862033,8.888756943465156,0.251405509864415,0.13108959016091615,71.11875,8,400,4606.07
U0169,Diya Mukherjee,30.0,Other,Vadodara,2022-12-05,T000540,P010,100.35,Wallet,2025-05-16,Product_010,Sports,1315.44,77,16,5,2025,5,6.0,High,4.618579872898009,10.0174847142384,0.7215669669641342,0.17037964429060642,71.0775,4,349,4606.07
U0184,Kiara Kulkarni,35.0,Other,Ghaziabad,2022-08-20,T000236,P010,57.08,UPI,2025-05-29,Product_010,Sports,1315.44,77,29,5,2025,4,6.0,High,4.06182137051654,7.555130707009641,-0.2317547878955124,0.09071325993298227,95.79,6,289,4606.07
U0185,Ira Bose,30.0,Female,Thane,2022-11-01,T000038,P010,61.06,Net Banking,2023-11-13,Product_010,Sports,1315.44,77,13,11,2023,3,6.0,High,4.128101659020234,7.814089838234521,-0.14406769327241561,0.09804102073130315,72.525,4,232,4606.07
U0190,Aarav Mukherjee,19.0,Female,Ghaziabad,2023-04-27,T000461,P010,38.7,Credit Card,2024-06-18,Product_010,Sports,1315.44,77,18,6,2024,1,6.0,High,3.681351187693145,6.220932405998316,-0.6367017223609689,0.05687299775380196,53.28399999999999,5,265,4606.07
U0199,Meera Roy,32.0,Male,Ghaziabad,2022-02-10,T000102,P010,39.01,Cash,2023-01-06,Product_010,Sports,1315.44,77,6,1,2023,0,6.0,High,3.6891294228691436,6.245798587850876,-0.6298718230310293,0.05744375299186212,76.08555555555556,9,261,4606.07
U0012,Aarohi Singh,28.0,Other,Ghaziabad,2024-06-25,T000962,P011,215.85,Net Banking,2023-10-15,Product_011,Electronics,1410.29,28,15,10,2023,3,3.0,High,5.379205870281376,14.691834466805021,3.266255265699729,0.38303199911624985,76.72625,8,207,5616.05
U0024,Aarohi Kapoor,20.0,Female,Patna,2023-03-15,T000712,P011,62.27,Wallet,2024-09-15,Product_011,Electronics,1410.29,28,15,9,2024,5,3.0,High,4.147411283158793,7.891134265744057,-0.11740905395232842,0.10026880730566703,61.71545454545455,11,270,5616.05
U0076,Ira Sharma,38.0,Other,Vadodara,2022-11-03,T000915,P011,59.75,Credit Card,2025-10-13,Product_011,Electronics,1410.29,28,13,10,2025,1,3.0,High,4.1067670822206574,7.729812416870153,-0.17292952592474148,0.09562911956401662,71.53428571428572,7,199,5616.05
U0077,Vihaan Reddy,32.0,Female,Hyderabad,2024-06-30,T000284,P011,61.69,Wallet,2023-12-23,Product_011,Electronics,1410.29,28,23,12,2023,5,3.0,High,4.138201945285877,7.854298186343577,-0.1301875752793125,0.09920094266671574,44.13833333333333,6,229,5616.05
U0078,Vihaan Kapoor,29.0,Male,Jaipur,2022-10-16,T000296,P011,75.44,Debit Card,2024-10-22,Product_011,Electronics,1410.29,28,22,10,2024,2,3.0,High,4.336506119372072,8.685620300243386,0.17275150790349644,0.12451669919357805,42.51,4,555,5616.05
U0079,Sara Das,32.0,Other,Lucknow,2022-07-28,T000395,P011,101.75,Net Banking,2025-10-26,Product_011,Electronics,1410.29,28,26,10,2025,3,3.0,High,4.632298853376344,10.087120500916008,0.7524116736154749,0.17295724859152334,73.57,2,186,5616.05
U0089,Kiara Kulkarni,27.0,Other,Ahmedabad,2024-08-05,T000842,P011,41.46,UPI,2023-07-05,Product_011,Electronics,1410.29,28,5,7,2023,4,3.0,High,3.74856245627511,6.438944012802099,-0.5758935863911833,0.06195456051846668,56.611428571428576,7,443,5616.05
U0095,Muhammad Bose,28.0,Female,Jaipur,2024-06-04,T000676,P011,160.25,UPI,2023-07-30,Product_011,Electronics,1410.29,28,30,7,2023,4,3.0,High,5.082955955675882,12.658988901172163,2.041279772975062,0.2806642854512648,68.685,6,403,5616.05
U0097,Aarohi Nair,34.0,Male,Hyderabad,2024-06-17,T000782,P011,70.48,Wallet,2023-06-03,Product_011,Electronics,1410.29,28,3,6,2023,5,3.0,High,4.2694176902912275,8.395236744726143,0.0634731186244615,0.11538461538461536,85.14,6,234,5616.05
U0114,Sai Singh,51.0,Male,Chennai,2022-05-31,T000047,P011,41.06,Wallet,2024-09-05,Product_011,Electronics,1410.29,28,5,9,2024,5,3.0,High,3.7390971702745537,6.407807737440318,-0.5847063597201377,0.06121810214677614,52.12571428571429,7,223,5616.05
U0118,Aarav Patel,22.0,Female,Kolkata,2022-06-30,T000467,P011,46.85,Wallet,2024-12-22,Product_011,Electronics,1410.29,28,22,12,2024,5,3.0,High,3.8680711178989635,6.844705983459042,-0.45714146578352216,0.07187833707699672,127.7,4,494,5616.05
U0132,Aarav Chopra,32.0,Female,Bhopal,2022-01-07,T000832,P011,20.06,Credit Card,2024-09-29,Product_011,Electronics,1410.29,28,29,9,2024,1,3.0,High,3.0473755067058295,4.4788391353117385,-1.0473769594902458,0.022554037633022786,52.66833333333333,6,246,5616.05
U0141,Anaya Nair,33.0,Female,Jaipur,2024-02-10,T000372,P011,149.29,Net Banking,2025-09-01,Product_011,Electronics,1410.29,28,1,9,2025,3,3.0,High,5.012566760946003,12.218428704215611,1.79980978376171,0.260485326066944,54.653333333333336,9,227,5616.05
U0142,Kiara Khan,42.0,Male,Bhopal,2022-01-20,T000562,P011,58.74,UPI,2025-05-23,Product_011,Electronics,1410.29,28,23,5,2025,4,3.0,High,4.090001812787964,7.664202502543889,-0.19518177858035138,0.09376956217549802,56.51,7,226,5616.05
U0143,Aarohi Verma,19.0,Female,Kolkata,2023-10-28,T000581,P011,60.74,Net Banking,2024-08-14,Product_011,Electronics,1410.29,28,14,8,2024,3,3.0,High,4.122932019074013,7.793587107359486,-0.1511179119355792,0.09745185403395072,39.68666666666667,3,407,5616.05
U0193,Ishaan Chopra,33.0,Other,Chennai,2023-03-12,T000990,P011,30.54,UPI,2024-05-28,Product_011,Electronics,1410.29,28,28,5,2024,4,3.0,High,3.451256581534892,5.52630075185924,-0.8164822982716395,0.04184924697131494,70.998,5,429,5616.05
U0008,Ishaan Reddy,38.0,Male,Lucknow,2022-04-15,T000137,P012,33.27,UPI,2024-09-24,Product_012,Sports,4263.31,176,24,9,2024,4,6.0,Very High,3.5342703358865175,5.768015256567895,-0.7563351203015254,0.04687557535810288,52.05666666666667,3,318,4606.07
U0010,Diya Kulkarni,36.0,Female,Delhi,2024-01-18,T000821,P012,74.72,UPI,2025-04-05,Product_012,Sports,4263.31,176,5,4,2025,4,6.0,Very High,4.327042326341122,8.644073113989723,0.15688851591137848,0.12319107412453509,47.78,4,390,4606.07
U0033,Ishaan Amin,31.0,Male,Visakhapatnam,2024-07-23,T000765,P012,51.74,Wallet,2023-01-04,Product_012,Sports,4263.31,176,4,1,2023,5,6.0,Very High,3.965374180925141,7.193052203341778,-0.3494053118370541,0.08088154067091356,71.74714285714286,7,451,4606.07
U0036,Ira Sharma,22.0,Other,Lucknow,2023-05-16,T000582,P012,24.5,UPI,2025-07-12,Product_012,Sports,4263.31,176,12,7,2025,4,6.0,Very High,3.2386784521643803,4.949747468305833,-0.9495551755388516,0.030728725558787785,38.962,5,245,4606.07
U0051,Kiara Mehta,34.0,Female,Indore,2023-04-24,T000172,P012,73.61,Cash,2023-11-10,Product_012,Sports,4263.31,176,10,11,2023,0,6.0,Very High,4.312274546483423,8.579627031520658,0.1324330699235299,0.12114740214309383,72.70333333333333,3,393,4606.07
U0067,Saanvi Ghosh,31.0,Other,Ghaziabad,2022-02-10,T000717,P012,78.63,Credit Card,2025-04-08,Product_012,Sports,4263.31,176,8,4,2025,1,6.0,Very High,4.377390906269353,8.867355862939075,0.24303337520190807,0.13038995470781012,68.82333333333334,3,197,4606.07
U0081,Vivaan Gupta,30.0,Other,Indore,2024-04-29,T000354,P012,63.6,Net Banking,2024-12-02,Product_012,Sports,4263.31,176,2,12,2024,3,6.0,Very High,4.168214410788556,7.974960814950754,-0.08810658263355495,0.10271753139153808,56.55666666666667,6,387,4606.07
U0087,Kabir Mehta,39.0,Male,Kanpur,2022-08-04,T000256,P012,33.93,Net Banking,2025-10-15,Product_012,Sports,4263.31,176,15,10,2025,3,6.0,Very High,3.5533460588187404,5.82494635168428,-0.7417940443087506,0.048090731671392266,39.2425,4,197,4606.07
U0091,Reyansh Nair,32.0,Female,Kolkata,2022-10-01,T000746,P012,28.73,Debit Card,2024-04-29,Product_012,Sports,4263.31,176,29,4,2024,2,6.0,Very High,3.3921566370100065,5.360037313302959,-0.8563600975851583,0.03851677283941524,28.23,2,731,4606.07
U0105,Kabir Amin,30.0,Female,Indore,2022-12-01,T000416,P012,59.0,Debit Card,2025-05-10,Product_012,Sports,4263.31,176,10,5,2025,2,6.0,Very High,4.0943445622221,7.681145747868608,-0.18945347591653106,0.09424826011709686,82.48,6,355,4606.07
U0109,Aarav Singh,34.0,Female,Chennai,2023-03-17,T000580,P012,79.23,Net Banking,2023-12-21,Product_012,Sports,4263.31,176,21,12,2023,3,6.0,Very High,4.3848975097655645,8.901123524589467,0.2562525351953399,0.13149464226534593,49.00666666666667,3,275,4606.07
U0116,Aditya Roy,34.0,Female,Patna,2022-07-19,T000281,P012,50.56,Wallet,2025-06-30,Product_012,Sports,4263.31,176,30,6,2025,5,6.0,Very High,3.9427461780709865,7.110555533852471,-0.3754029931574697,0.07870898847442648,51.33090909090909,11,304,4606.07
U0155,Diya Roy,34.0,Other,Ahmedabad,2023-03-22,T000259,P012,39.17,Cash,2024-08-24,Product_012,Sports,4263.31,176,24,8,2024,0,6.0,Very High,3.693120448371191,6.258594091327541,-0.6263467136994474,0.05773833634053835,53.04,5,403,4606.07
U0162,Muhammad Mehta,38.0,Female,Lucknow,2022-10-14,T000882,P012,44.28,UPI,2023-04-29,Product_012,Sports,4263.31,176,29,4,2023,4,6.0,Very High,3.8128654338949275,6.65432190384565,-0.5137635344220545,0.067146592038885,51.166666666666664,6,432,4606.07
U0165,Aarohi Ghosh,39.0,Other,Bhopal,2023-10-24,T000246,P012,81.6,Wallet,2025-08-09,Product_012,Sports,4263.31,176,9,8,2025,5,6.0,Very High,4.414009680526933,9.033271832508971,0.30846821716939476,0.13585815811761237,84.41333333333334,3,264,4606.07
U0166,Meera Roy,35.0,Male,Bengaluru,2022-10-29,T000189,P012,96.57,Credit Card,2024-05-22,Product_012,Sports,4263.31,176,22,5,2024,1,6.0,Very High,4.580570069119859,9.82700361249552,0.6382862590055147,0.16342011267813084,83.738,5,372,4606.07
U0184,Kiara Kulkarni,35.0,Other,Ghaziabad,2022-08-20,T000384,P012,213.24,Credit Card,2024-11-21,Product_012,Sports,4263.31,176,21,11,2024,1,6.0,Very High,5.367096881942863,14.602739469017449,3.208751919728302,0.37822660824096915,95.79,6,289,4606.07
U0184,Kiara Kulkarni,35.0,Other,Ghaziabad,2022-08-20,T000755,P012,51.97,UPI,2023-05-02,Product_012,Sports,4263.31,176,2,5,2023,4,6.0,Very High,3.9697257155564354,7.209022125087424,-0.3443379671729054,0.08130500423463562,95.79,6,289,4606.07
U0014,Sai Singh,18.0,Male,Kolkata,2024-06-06,T000013,P013,96.78,Cash,2025-01-10,Product_013,Beauty,3354.37,155,10,1,2025,0,0.0,Very High,4.5827200571505,9.837682653958705,0.6429129650032159,0.16380675332326838,91.97200000000001,5,455,8079.7300000000005
U0019,Aarohi Ghosh,24.0,Other,Lucknow,2024-05-13,T000449,P013,47.53,Cash,2024-03-20,Product_013,Beauty,3354.37,155,20,3,2024,0,0.0,Very High,3.882182163417125,6.894200461257274,-0.4421597511242996,0.07313031630887062,61.866666666666674,3,405,8079.7300000000005
U0034,Vihaan Singh,23.0,Other,Visakhapatnam,2023-09-16,T000721,P013,103.98,Net Banking,2025-02-01,Product_013,Beauty,3354.37,155,1,2,2025,3,0.0,Very High,4.653769855824153,10.197058399362044,0.801542884924396,0.1770630040136981,75.76333333333334,9,185,8079.7300000000005
U0045,Sai Chopra,20.0,Male,Mumbai,2022-03-14,T000835,P013,40.86,Debit Card,2023-04-29,Product_013,Beauty,3354.37,155,29,4,2023,2,0.0,Very High,3.7343307170178535,6.3921827257987545,-0.589112746384615,0.060849872960930876,85.19375,8,385,8079.7300000000005
U0062,Muhammad Verma,30.0,Other,Vadodara,2022-03-04,T000481,P013,84.18,Cash,2024-05-31,Product_013,Beauty,3354.37,155,31,5,2024,0,0.0,Very High,4.444766664495067,9.174965939991276,0.36531060514115116,0.14060831461501638,68.21714285714286,7,302,8079.7300000000005
U0095,Muhammad Bose,28.0,Female,Jaipur,2024-06-04,T000689,P013,77.82,UPI,2024-09-14,Product_013,Beauty,3354.37,155,14,9,2024,4,0.0,Very High,4.367166771766858,8.821564487096378,0.22518750921077527,0.12889862650513675,68.685,6,403,8079.7300000000005
U0118,Aarav Patel,22.0,Female,Kolkata,2022-06-30,T000966,P013,236.0,Wallet,2024-11-23,Product_013,Beauty,3354.37,155,23,11,2024,5,0.0,Very High,5.4680601411351315,15.362291495737216,3.710198722145809,0.4201310895901608,127.7,4,494,8079.7300000000005
U0121,Ira Kapoor,38.0,Other,Lucknow,2024-08-30,T000213,P013,21.75,UPI,2025-06-21,Product_013,Beauty,3354.37,155,21,6,2025,4,0.0,Very High,3.1245651453969594,4.663689526544408,-1.0101429921754135,0.02566557425341532,54.67714285714286,7,255,8079.7300000000005
U0121,Ira Kapoor,38.0,Other,Lucknow,2024-08-30,T000876,P013,40.6,Cash,2023-09-03,Product_013,Beauty,3354.37,155,3,9,2023,0,0.0,Very High,3.728100167267218,6.371812928829597,-0.5948410490484353,0.06037117501933202,54.67714285714286,7,255,8079.7300000000005
U0134,Aarohi Kulkarni,35.0,Male,Bhopal,2022-08-13,T000914,P013,73.51,UPI,2025-04-19,Product_013,Beauty,3354.37,155,19,4,2025,4,0.0,Very High,4.310933344565636,8.573797291748855,0.13022987659129143,0.12096328755017122,169.215,2,240,8079.7300000000005
U0145,Aarav Kulkarni,34.0,Male,Kolkata,2022-05-10,T000534,P013,19.66,Cash,2024-01-04,Product_013,Beauty,3354.37,155,4,1,2024,0,0.0,Very High,3.0281994636914926,4.433959855479073,-1.0561897328192005,0.02181757926133225,67.94875,8,397,8079.7300000000005
U0158,Saanvi Khan,35.0,Female,Kolkata,2024-04-30,T000754,P013,129.83,Debit Card,2024-11-28,Product_013,Beauty,3354.37,155,28,11,2024,2,0.0,Very High,4.873898770522785,11.394296819023104,1.371068361308077,0.22465662628419927,68.458,5,336,8079.7300000000005
U0001,Vihaan Sharma,35.0,Other,Jaipur,2022-09-08,T000629,P014,42.43,Net Banking,2023-06-09,Product_014,Beauty,3844.95,467,9,6,2023,3,0.0,Very High,3.7711504465467307,6.513831437794503,-0.5545226110684688,0.06374047206981624,77.47333333333334,3,618,8079.7300000000005
U0002,Sai Reddy,30.0,Other,Hyderabad,2023-11-24,T000153,P014,91.34,UPI,2024-03-08,Product_014,Beauty,3844.95,467,8,3,2024,4,0.0,Very High,4.525477417078843,9.557196241576293,0.5230592477294356,0.15379091946827703,64.84,6,733,8079.7300000000005
U0003,Aarohi Gupta,37.0,Other,Indore,2022-02-02,T000473,P014,44.45,Cash,2025-07-22,Product_014,Beauty,3844.95,467,22,7,2025,0,0.0,Very High,3.816612820623488,6.6670833203133135,-0.5100181057572488,0.06745958684685348,40.597500000000004,4,180,8079.7300000000005
U0004,Aarav Gupta,44.0,Male,Kolkata,2023-06-02,T000451,P014,165.57,Debit Card,2023-08-29,Product_014,Beauty,3844.95,467,29,8,2023,2,0.0,Very High,5.115415641489016,12.867400669909987,2.158489658250156,0.290459181794749,100.21333333333332,3,757,8079.7300000000005
U0043,Ira Roy,31.0,Male,Kolkata,2022-08-19,T000809,P014,102.49,Debit Card,2023-09-16,Product_014,Beauty,3844.95,467,16,9,2023,2,0.0,Very High,4.639474989680082,10.123734488813898,0.7687153042740404,0.17431969657915083,95.22,7,311,8079.7300000000005
U0052,Vivaan Patel,28.0,Male,Nagpur,2024-01-16,T000980,P014,28.16,Cash,2024-08-18,Product_014,Beauty,3844.95,467,18,8,2024,0,0.0,Very High,3.3727979071404572,5.3065996645686395,-0.8689182995789185,0.03746731965975623,63.350833333333334,12,204,8079.7300000000005
U0059,Vivaan Iyer,34.0,Female,Mumbai,2023-02-04,T000490,P014,71.28,Wallet,2025-08-31,Product_014,Beauty,3844.95,467,31,8,2025,5,0.0,Very High,4.280547465724028,8.442748367682173,0.08109866528237032,0.11685753212799643,51.112,5,242,8079.7300000000005
U0062,Muhammad Verma,30.0,Other,Vadodara,2022-03-04,T000427,P014,30.15,Credit Card,2023-07-26,Product_014,Beauty,3844.95,467,26,7,2023,1,0.0,Very High,3.4388142452334622,5.490901565316938,-0.8250747522673701,0.04113120005891666,68.21714285714286,7,302,8079.7300000000005
U0065,Ira Gupta,38.0,Male,Bengaluru,2023-09-02,T000852,P014,69.23,Net Banking,2024-09-10,Product_014,Beauty,3844.95,467,10,9,2024,3,0.0,Very High,4.251775570170929,8.32045671823368,0.035933201971478874,0.11308318297308242,58.042500000000004,4,200,8079.7300000000005
U0110,Saanvi Kulkarni,31.0,Other,Lucknow,2023-04-22,T000617,P014,64.09,Net Banking,2024-07-03,Product_014,Beauty,3844.95,467,3,7,2024,3,0.0,Very High,4.175770927584296,8.005623023850173,-0.0773109353055857,0.10361969289685899,59.848,5,232,8079.7300000000005
U0114,Sai Singh,51.0,Male,Chennai,2022-05-31,T000830,P014,29.56,Net Banking,2025-09-19,Product_014,Beauty,3844.95,467,19,9,2025,3,0.0,Very High,3.4196919642983197,5.436910887627275,-0.8380735929275779,0.040044923960673114,52.12571428571429,7,223,8079.7300000000005
U0119,Ira Roy,41.0,Male,Vadodara,2022-09-13,T000310,P014,33.16,UPI,2023-10-22,Product_014,Beauty,3844.95,467,22,10,2023,4,0.0,Very High,3.531055368920369,5.758472019555187,-0.758758632966988,0.04667304930588797,114.93666666666667,6,296,8079.7300000000005
U0123,Aarohi Roy,43.0,Male,Bhopal,2023-04-06,T000450,P014,82.91,UPI,2024-09-12,Product_014,Beauty,3844.95,467,12,9,2024,4,0.0,Very High,4.4297447958819784,9.105492847726586,0.3373300498217206,0.13827005928489888,51.17285714285715,7,400,8079.7300000000005
U0131,Muhammad Mukherjee,19.0,Female,Patna,2024-08-26,T000661,P014,61.67,Debit Card,2024-10-31,Product_014,Beauty,3844.95,467,31,10,2024,2,0.0,Very High,4.137882864236584,7.853024894905148,-0.1306282139457601,0.09916411974813122,73.65,5,281,8079.7300000000005
U0133,Diya Singh,23.0,Female,Indore,2023-07-06,T000352,P014,49.73,Cash,2024-10-27,Product_014,Beauty,3844.95,467,27,10,2024,0,0.0,Very High,3.9265174515785985,7.0519500849055925,-0.3936894978150503,0.0771808373531686,90.22999999999999,5,550,8079.7300000000005
U0140,Ishaan Bose,22.0,Female,Chennai,2023-04-11,T000594,P014,25.38,Net Banking,2023-07-29,Product_014,Beauty,3844.95,467,29,7,2023,3,0.0,Very High,3.2726061472891685,5.037856687123999,-0.930167074215152,0.03234893397650697,59.8075,4,674,8079.7300000000005
U0145,Aarav Kulkarni,34.0,Male,Kolkata,2022-05-10,T000100,P014,79.66,Credit Card,2024-02-29,Product_014,Beauty,3844.95,467,29,2,2024,1,0.0,Very High,4.390242789445222,8.92524509467387,0.26572626652396575,0.13228633501491324,67.94875,8,397,8079.7300000000005
U0151,Kabir Kulkarni,34.0,Male,Patna,2024-03-12,T000101,P014,33.2,Debit Card,2024-11-03,Product_014,Beauty,3844.95,467,3,11,2024,2,0.0,Very High,3.5322256440685598,5.761944116355173,-0.7578773556340924,0.046746695143057036,71.11875,8,400,8079.7300000000005
U0167,Sai Bose,38.0,Other,Kolkata,2022-11-10,T000304,P014,76.54,Cash,2025-05-03,Product_014,Beauty,3844.95,467,3,5,2025,0,0.0,Very High,4.350793932242783,8.748714191239761,0.19698663455812135,0.12654195971572707,76.80250000000001,4,362,8079.7300000000005
U0024,Aarohi Kapoor,20.0,Female,Patna,2023-03-15,T000001,P015,67.67,Wallet,2023-02-12,Product_015,Books,2286.25,251,12,2,2023,5,1.0,Very High,4.229312422632585,8.226177727231525,0.0015633859885565062,0.11021099532348932,61.71545454545455,11,270,12529.84
U0024,Aarohi Kapoor,20.0,Female,Patna,2023-03-15,T000020,P015,57.35,Credit Card,2025-08-03,Product_015,Books,2286.25,251,3,8,2025,1,1.0,Very High,4.066459358732565,7.572978278062073,-0.22580616589846808,0.09121036933387339,61.71545454545455,11,270,12529.84
U0024,Aarohi Kapoor,20.0,Female,Patna,2023-03-15,T000221,P015,188.0,Net Banking,2024-12-16,Product_015,Books,2286.25,251,16,12,2024,3,1.0,Very High,5.241747015059643,13.711309200802088,2.652665922671276,0.33175608498729603,61.71545454545455,11,270,12529.84
U0062,Muhammad Verma,30.0,Other,Vadodara,2022-03-04,T000442,P015,148.62,UPI,2023-10-23,Product_015,Books,2286.25,251,23,10,2023,4,1.0,Very High,5.008098746444259,12.190980272316086,1.7850483884357116,0.25925175829436237,68.21714285714286,7,302,12529.84
U0112,Meera Iyer,31.0,Other,Bengaluru,2022-10-18,T000500,P015,48.86,Credit Card,2024-11-28,Product_015,Books,2286.25,251,28,11,2024,1,1.0,Very High,3.9092190780954117,6.989992846920518,-0.41285727980552617,0.07557904039474167,47.562,5,514,12529.84
U0113,Ira Kulkarni,32.0,Female,Bengaluru,2024-04-18,T000430,P015,105.27,Cash,2024-03-20,Product_015,Books,2286.25,251,20,3,2024,0,1.0,Very High,4.6659830253846035,10.260116958397697,0.8299640789102739,0.17943808226240007,69.23,3,752,12529.84
U0119,Ira Roy,41.0,Male,Vadodara,2022-09-13,T000563,P015,253.67,Net Banking,2024-01-13,Product_015,Books,2286.25,251,13,1,2024,3,1.0,Very High,5.539968589417986,15.927021064844485,4.099502983952371,0.45266413815959045,114.93666666666667,6,296,12529.84
U0157,Aarohi Joshi,46.0,Female,Indore,2024-04-25,T000084,P015,25.98,Wallet,2023-05-10,Product_015,Books,2286.25,251,10,5,2023,5,1.0,Very High,3.2950958507796098,5.0970579749498635,-0.9169479142217201,0.033453621534042785,45.112,5,314,12529.84
U0162,Muhammad Mehta,38.0,Female,Lucknow,2022-10-14,T000472,P015,15.74,Credit Card,2023-11-06,Product_015,Books,2286.25,251,6,11,2023,1,1.0,Very High,2.8178010650613294,3.9673668849754744,-1.1425549114429538,0.014600287218764956,51.166666666666664,6,432,12529.84
U0164,Muhammad Gupta,25.0,Male,Indore,2023-05-16,T000369,P015,17.77,Credit Card,2023-07-25,Product_015,Books,2286.25,251,25,7,2023,1,1.0,Very High,2.9322598505984176,4.215447781671599,-1.0978300867985102,0.01833781345509445,63.097142857142856,7,199,12529.84
U0165,Aarohi Ghosh,39.0,Other,Bhopal,2023-10-24,T000921,P015,105.99,Net Banking,2024-08-29,Product_015,Books,2286.25,251,29,8,2024,3,1.0,Very High,4.672735372150515,10.295144486601439,0.8458270709023918,0.18076370733144304,84.41333333333334,3,264,12529.84
U0166,Meera Roy,35.0,Male,Bengaluru,2022-10-29,T000845,P015,49.23,Wallet,2024-02-28,Product_015,Books,2286.25,251,28,2,2024,5,1.0,Very High,3.9166124577619534,7.0164093381159,-0.40470546447624334,0.07626026438855542,83.738,5,372,12529.84
U0179,Kabir Joshi,29.0,Female,Thane,2022-12-15,T000484,P015,73.23,UPI,2023-06-15,Product_015,Books,2286.25,251,15,6,2023,4,1.0,Very High,4.307168381129456,8.557452892070163,0.1240609352610233,0.12044776668998783,63.556,5,797,12529.84
U0182,Vivaan Reddy,25.0,Male,Patna,2024-08-29,T000297,P015,29.3,UPI,2024-08-04,Product_015,Books,2286.25,251,4,8,2024,4,1.0,Very High,3.4111477125153233,5.412947441089743,-0.8438018955913984,0.039566226019074266,59.91181818181818,11,184,12529.84
U0187,Vivaan Kulkarni,35.0,Other,Hyderabad,2024-08-28,T000421,P015,33.98,Credit Card,2023-02-16,Product_015,Books,2286.25,251,16,2,2023,1,1.0,Very High,3.554776469590456,5.829236656715868,-0.7406924476426314,0.04818278896785358,54.42714285714286,7,334,12529.84
U0194,Vihaan Kapoor,22.0,Male,Ahmedabad,2024-07-19,T000077,P015,61.52,Wallet,2025-03-24,Product_015,Books,2286.25,251,24,3,2025,5,1.0,Very High,4.135486505553276,7.8434686204510315,-0.133933003944118,0.09888794785874727,54.48199999999999,5,402,12529.84
U0196,Kabir Kulkarni,35.0,Other,Patna,2024-08-01,T000745,P015,165.34,Cash,2025-03-06,Product_015,Books,2286.25,251,6,3,2025,0,1.0,Very High,5.1140338864405415,12.858460249967724,2.1534223135860073,0.2900357182310269,88.99714285714286,7,252,12529.84
U0199,Meera Roy,32.0,Male,Ghaziabad,2022-02-10,T000066,P015,25.82,Cash,2024-12-22,Product_015,Books,2286.25,251,22,12,2024,0,1.0,Very High,3.2891478778535324,5.081338406365,-0.920473023553302,0.033159038185366564,76.08555555555556,9,261,12529.84
U0015,Vihaan Bose,18.0,Female,Thane,2023-10-13,T000664,P016,160.38,Credit Card,2025-06-08,Product_016,Books,807.27,58,8,6,2025,1,1.0,Medium,5.08376183242036,12.66412255152326,2.044143924306972,0.28090363442206423,88.21000000000001,5,326,12529.84
U0038,Vivaan Ghosh,18.0,Other,Bengaluru,2022-03-29,T000050,P016,69.62,Cash,2025-04-23,Product_016,Books,807.27,58,23,4,2025,0,1.0,Medium,4.25731339050024,8.34386001800126,0.04452565596720947,0.11380122988548072,71.435,4,372,12529.84
U0065,Ira Gupta,38.0,Male,Bengaluru,2023-09-02,T000523,P016,24.31,Wallet,2025-10-12,Product_016,Books,807.27,58,12,10,2025,5,1.0,Medium,3.2311995745570328,4.93051721424842,-0.9537412428701049,0.030378907832234778,58.042500000000004,4,200,12529.84
U0082,Ishaan Verma,34.0,Male,Lucknow,2024-02-29,T000313,P016,47.31,Net Banking,2023-09-08,Product_016,Books,807.27,58,8,9,2023,3,1.0,Medium,3.8776385785663154,6.878226515607057,-0.4470067764552245,0.07272526420444084,57.357142857142854,7,210,12529.84
U0100,Anaya Mukherjee,30.0,Other,Visakhapatnam,2022-04-29,T000445,P016,47.11,UPI,2024-02-21,Product_016,Books,807.27,58,21,2,2024,4,1.0,Medium,3.8734900557113625,6.863672486358888,-0.4514131631197018,0.07235703501859556,70.85625,8,243,12529.84
U0102,Kiara Sharma,28.0,Other,Vadodara,2023-12-05,T000454,P016,28.11,Cash,2024-10-20,Product_016,Books,807.27,58,20,10,2024,0,1.0,Medium,3.371081757757532,5.301886456724625,-0.8700198962450378,0.03737526236329491,82.49285714285715,7,437,12529.84
U0114,Sai Singh,51.0,Male,Chennai,2022-05-31,T000094,P016,90.9,UPI,2023-07-23,Product_016,Books,807.27,58,23,7,2023,4,1.0,Medium,4.520701029361642,9.534149149242422,0.5133651970675858,0.15298081525941745,52.12571428571429,7,223,12529.84
U0124,Ishaan Ghosh,20.0,Other,Jaipur,2024-02-24,T000307,P016,38.27,Wallet,2025-04-11,Product_016,Books,807.27,58,11,4,2025,5,1.0,Medium,3.6704608685899185,6.1862751312886175,-0.646175453689595,0.05608130500423464,64.74000000000001,3,384,12529.84
U0147,Ishaan Mehta,22.0,Male,Ghaziabad,2023-09-14,T000805,P016,83.01,Net Banking,2024-09-04,Product_016,Books,807.27,58,4,9,2024,3,1.0,Medium,4.4309358393767555,9.11098238391448,0.3395332431539594,0.13845417387782155,56.32750000000001,12,187,12529.84
U0148,Vihaan Iyer,21.0,Female,Hyderabad,2023-08-16,T000532,P016,30.36,UPI,2025-02-09,Product_016,Books,807.27,58,9,2,2025,4,1.0,Medium,3.445533195482207,5.509990925582365,-0.820448046269669,0.0415178407040542,39.166666666666664,3,445,12529.84
U0183,Kabir Gupta,23.0,Male,Hyderabad,2023-07-26,T000715,P016,51.56,UPI,2025-03-22,Product_016,Books,807.27,58,22,3,2025,4,1.0,Medium,3.961955374176355,7.180529228406497,-0.3533710598350836,0.08055013440365283,40.57,2,223,12529.84
U0190,Aarav Mukherjee,19.0,Female,Ghaziabad,2023-04-27,T000561,P016,38.65,Cash,2023-12-24,Product_016,Books,807.27,58,24,12,2023,0,1.0,Medium,3.680090948080857,6.216912416947821,-0.6378033190270883,0.05678094045734064,53.28399999999999,5,265,12529.84
U0196,Kabir Kulkarni,35.0,Other,Patna,2024-08-01,T000402,P016,31.4,Wallet,2023-06-17,Product_016,Books,807.27,58,17,6,2023,5,1.0,Medium,3.4781584227982836,5.60357029044876,-0.7975348356143875,0.043432632470449595,88.99714285714286,7,252,12529.84
U0002,Sai Reddy,30.0,Other,Hyderabad,2023-11-24,T000390,P017,32.67,Net Banking,2024-04-27,Product_017,Beauty,3697.53,235,27,4,2024,3,0.0,Very High,3.516607233172983,5.715767664977295,-0.7695542802949571,0.04577088780056707,64.84,6,733,8079.7300000000005
U0004,Aarav Gupta,44.0,Male,Kolkata,2023-06-02,T000079,P017,56.93,Cash,2023-09-11,Product_017,Beauty,3697.53,235,11,9,2023,0,0.0,Very High,4.059235385108533,7.545197147855051,-0.23505957789387028,0.09043708804359832,100.21333333333332,3,757,8079.7300000000005
U0005,Sara Sharma,30.0,Other,Chennai,2024-01-04,T000229,P017,103.03,Debit Card,2023-11-03,Product_017,Beauty,3697.53,235,3,11,2023,2,0.0,Very High,4.644679319082804,10.15036945140422,0.7806125482681291,0.17531391538093305,57.94833333333333,6,312,8079.7300000000005
U0021,Ishaan Gupta,43.0,Male,Patna,2024-06-16,T000298,P017,48.71,Debit Card,2024-07-16,Product_017,Beauty,3697.53,235,16,7,2024,2,0.0,Very High,3.906206120106581,6.979254974565695,-0.41616206980388404,0.07530286850535772,83.7875,4,653,8079.7300000000005
U0028,Kiara Kulkarni,35.0,Male,Nagpur,2023-01-26,T000964,P017,20.34,Cash,2024-02-06,Product_017,Beauty,3697.53,235,6,2,2024,0,0.0,Very High,3.060583245873607,4.509988913511872,-1.0412080181599777,0.023069558493206167,78.77333333333334,9,250,8079.7300000000005
U0030,Aarohi Sharma,29.0,Other,Hyderabad,2023-11-30,T000571,P017,83.48,Wallet,2025-09-29,Product_017,Beauty,3697.53,235,29,9,2025,5,0.0,Very High,4.436514819957951,9.136739024400336,0.34988825181548083,0.13931951246455793,66.00111111111111,9,213,8079.7300000000005
U0071,Kabir Roy,34.0,Female,Bengaluru,2022-01-10,T000858,P017,110.35,Wallet,2024-09-03,Product_017,Beauty,3697.53,235,3,9,2024,5,0.0,Very High,4.712678393703377,10.504760825454333,0.9418863001879952,0.18879110358286993,73.29333333333334,9,495,8079.7300000000005
U0073,Aarohi Das,31.0,Other,Jaipur,2022-05-16,T000195,P017,110.79,Wallet,2023-11-04,Product_017,Beauty,3697.53,235,4,11,2023,5,0.0,Very High,4.716622111282234,10.5256828757093,0.9515803508498454,0.18960120779172954,84.952,5,196,8079.7300000000005
U0075,Reyansh Roy,18.0,Other,Surat,2023-09-19,T000704,P017,117.57,UPI,2025-03-15,Product_017,Beauty,3697.53,235,15,3,2025,4,0.0,Very High,4.775503503469979,10.842970072816765,1.1009568587756229,0.20208417719188418,84.96,2,411,8079.7300000000005
U0096,Aditya Khan,20.0,Female,Visakhapatnam,2023-02-14,T000241,P017,68.75,Wallet,2023-02-03,Product_017,Beauty,3697.53,235,3,2,2023,5,0.0,Very High,4.244917420701475,8.2915619758885,0.02535787397673346,0.11219943292705378,68.59833333333334,6,226,8079.7300000000005
U0102,Kiara Sharma,28.0,Other,Vadodara,2023-12-05,T000412,P017,52.81,Credit Card,2024-03-22,Product_017,Beauty,3697.53,235,22,3,2024,1,0.0,Very High,3.9854593235013285,7.267048919609665,-0.325831143182101,0.08285156681518577,82.49285714285715,7,437,8079.7300000000005
U0141,Anaya Nair,33.0,Female,Jaipur,2024-02-10,T000907,P017,78.86,Net Banking,2023-11-10,Product_017,Beauty,3697.53,235,10,11,2023,3,0.0,Very High,4.380275101635076,8.88031530971733,0.24810071986605695,0.13081341827153217,54.653333333333336,9,227,8079.7300000000005
U0164,Muhammad Gupta,25.0,Male,Indore,2023-05-16,T000055,P017,21.94,Net Banking,2024-06-06,Product_017,Beauty,3697.53,235,6,6,2024,3,0.0,Very High,3.1328821117012247,4.684015371452148,-1.00595692484416,0.026015391979968328,63.097142857142856,7,199,8079.7300000000005
U0190,Aarav Mukherjee,19.0,Female,Ghaziabad,2023-04-27,T000870,P017,67.22,Wallet,2024-01-10,Product_017,Beauty,3697.53,235,10,1,2024,5,0.0,Very High,4.2227377769905,8.198780397107853,-0.008350984006517303,0.10938247965533746,53.28399999999999,5,265,8079.7300000000005
U0014,Sai Singh,18.0,Male,Kolkata,2024-06-06,T000448,P018,52.85,Net Banking,2023-03-22,Product_018,Electronics,2390.82,158,22,3,2023,3,3.0,Very High,3.9862024036023977,7.269800547470337,-0.32494986584920554,0.08292521265235481,91.97200000000001,5,455,5616.05
U0018,Sai Iyer,34.0,Female,Nagpur,2022-10-04,T000026,P018,104.94,Net Banking,2024-11-27,Product_018,Electronics,2390.82,158,27,11,2024,3,3.0,Very High,4.66287289611638,10.244022647378324,0.8226935409138865,0.17883050410575538,116.02000000000001,5,519,5616.05
U0041,Sara Mukherjee,37.0,Male,Vadodara,2024-02-13,T000624,P018,43.92,Credit Card,2025-01-08,Product_018,Electronics,2390.82,158,8,1,2025,1,3.0,Very High,3.8048831298702424,6.627216610312357,-0.5216950304181135,0.0664837795043635,77.558,5,224,5616.05
U0064,Ira Amin,22.0,Male,Delhi,2024-09-10,T000644,P018,68.68,Wallet,2023-06-22,Product_018,Electronics,2390.82,158,22,6,2023,5,3.0,Very High,4.243913332544247,8.287339742040265,0.023815638644166585,0.11207055271200794,69.78285714285714,7,411,5616.05
U0071,Kabir Roy,34.0,Female,Bengaluru,2022-01-10,T000730,P018,52.49,Net Banking,2023-11-01,Product_018,Electronics,2390.82,158,1,11,2023,3,3.0,Very High,3.979494720543159,7.244998274671983,-0.3328813618452645,0.08226240011783333,73.29333333333334,9,495,5616.05
U0080,Ishaan Amin,18.0,Female,Jaipur,2024-07-16,T000826,P018,70.94,Net Banking,2023-07-21,Product_018,Electronics,2390.82,158,21,7,2023,3,3.0,Very High,4.275832438267478,8.422588675698226,0.07360780795275898,0.11623154251205947,62.012857142857136,7,380,5616.05
U0085,Arjun Kapoor,25.0,Male,Kanpur,2023-08-20,T000947,P018,28.28,Credit Card,2024-04-01,Product_018,Electronics,2390.82,158,1,4,2024,1,3.0,Very High,3.3769046890931107,5.317894320123332,-0.8662744675802321,0.03768825717126339,65.51666666666667,6,294,5616.05
U0091,Reyansh Nair,32.0,Female,Kolkata,2022-10-01,T000482,P018,27.73,Net Banking,2023-06-11,Product_018,Electronics,2390.82,158,11,6,2023,3,3.0,Very High,3.3579418729911983,5.265928218272634,-0.8783920309075444,0.0366756269101889,28.23,2,731,5616.05
U0100,Anaya Mukherjee,30.0,Other,Visakhapatnam,2022-04-29,T000739,P018,63.2,Debit Card,2023-02-23,Product_018,Electronics,2390.82,158,23,2,2023,2,3.0,Very High,4.162003210695915,7.9498427657407165,-0.09691935596250935,0.10198107301984755,70.85625,8,243,5616.05
U0107,Kiara Bose,47.0,Other,Pune,2023-09-23,T000148,P018,23.47,Debit Card,2023-08-22,Product_018,Electronics,2390.82,158,22,8,2023,2,3.0,Very High,3.19744787745458,4.844584605515729,-0.9722480668609094,0.02883234525168464,43.097142857142856,7,213,5616.05
U0110,Saanvi Kulkarni,31.0,Other,Lucknow,2023-04-22,T000672,P018,33.82,Cash,2023-05-11,Product_018,Electronics,2390.82,158,11,5,2023,0,3.0,Very High,3.550191934340043,5.815496539419485,-0.7442175569742131,0.047888205619177365,59.848,5,232,5616.05
U0116,Aditya Roy,34.0,Female,Patna,2022-07-19,T000706,P018,56.14,Debit Card,2023-06-02,Product_018,Electronics,2390.82,158,2,6,2023,2,3.0,Very High,4.045504396802627,7.4926630779716765,-0.2524648052185553,0.0889825827595095,51.33090909090909,11,304,5616.05
U0117,Aadhya Joshi,31.0,Female,Kolkata,2022-06-01,T000930,P018,66.5,Net Banking,2025-09-06,Product_018,Electronics,2390.82,158,6,9,2025,3,3.0,Very High,4.212127597878484,8.154753215150045,-0.024213975998635274,0.10805685458629449,102.84153846153846,13,236,5616.05
U0130,Anaya Kapoor,27.0,Female,Indore,2022-03-05,T000027,P018,56.75,Credit Card,2024-08-02,Product_018,Electronics,2390.82,158,2,8,2024,1,3.0,Very High,4.056123349401903,7.533259586659682,-0.2390253258918998,0.09010568177633757,35.656,5,189,5616.05
U0137,Myra Reddy,25.0,Other,Vadodara,2022-01-28,T000602,P018,40.06,Cash,2023-12-11,Product_018,Electronics,2390.82,158,11,12,2023,0,3.0,Very High,3.7150344115907874,6.329296959378664,-0.6067382930425238,0.05937695621754979,62.848,5,584,5616.05
U0138,Aadhya Chopra,29.0,Other,Mumbai,2022-03-27,T000366,P018,42.74,Cash,2024-07-10,Product_018,Electronics,2390.82,158,10,7,2024,0,3.0,Very High,3.778263015248622,6.5375836514724615,-0.5476927117385291,0.06431122730787642,87.76,6,187,5616.05
U0147,Ishaan Mehta,22.0,Male,Ghaziabad,2023-09-14,T000604,P018,41.37,Cash,2023-07-15,Product_018,Electronics,2390.82,158,15,7,2023,0,3.0,Very High,3.7464405646384678,6.431951492354401,-0.5778764603901981,0.061788857384836304,56.32750000000001,12,187,5616.05
U0167,Sai Bose,38.0,Other,Kolkata,2022-11-10,T000275,P018,146.49,Debit Card,2023-08-21,Product_018,Electronics,2390.82,158,21,8,2023,2,3.0,Very High,4.993760376871411,12.103305333668155,1.7381203704590293,0.25533011746511025,76.80250000000001,4,362,5616.05
U0200,Kiara Nair,22.0,Other,Jaipur,2022-01-27,T000741,P018,25.33,Credit Card,2025-08-24,Product_018,Electronics,2390.82,158,24,8,2025,1,3.0,Very High,3.270708973508218,5.032891812864648,-0.9312686708812712,0.032256876680045656,57.14833333333333,6,249,5616.05
U0010,Diya Kulkarni,36.0,Female,Delhi,2024-01-18,T000249,P019,40.11,Debit Card,2023-03-31,Product_019,Home,523.79,441,31,3,2023,2,5.0,Medium,3.716251400909787,6.3332456134276045,-0.6056366963764046,0.05946901351401111,47.78,4,390,13243.42
U0011,Myra Kapoor,28.0,Male,Nagpur,2022-03-22,T000363,P019,92.08,Wallet,2023-06-11,Product_019,Home,523.79,441,11,6,2023,5,5.0,Medium,4.533459338434091,9.595832428716125,0.5393628783880012,0.15515336745590452,53.9125,4,324,13243.42
U0027,Vihaan Reddy,22.0,Other,Pune,2024-03-22,T000553,P019,30.4,Net Banking,2023-06-25,Product_019,Home,523.79,441,25,6,2023,3,5.0,Medium,3.4468078929142076,5.513619500836088,-0.8195667689367736,0.04159148654122325,60.365,4,491,13243.42
U0082,Ishaan Verma,34.0,Male,Lucknow,2024-02-29,T000531,P019,61.41,Wallet,2025-10-02,Product_019,Home,523.79,441,2,10,2025,5,5.0,Medium,4.133725518945951,7.836453279386026,-0.13635651660958062,0.09868542180653236,57.357142857142854,7,210,13243.42
U0083,Arjun Khan,43.0,Male,Thane,2023-07-19,T000374,P019,47.87,Wallet,2023-05-02,Product_019,Home,523.79,441,2,5,2023,5,5.0,Medium,3.8891637112820634,6.918814927427962,-0.4346688937946884,0.07375630592480759,59.12375,8,189,13243.42
U0083,Arjun Khan,43.0,Male,Thane,2023-07-19,T000618,P019,93.11,UPI,2023-09-25,Product_019,Home,523.79,441,25,9,2023,4,5.0,Medium,4.544464310870697,9.649352309870336,0.5620557697100589,0.15704974776300767,59.12375,8,189,13243.42
U0086,Aarohi Reddy,27.0,Female,Ahmedabad,2022-02-12,T000380,P019,108.45,Net Banking,2025-10-08,Product_019,Home,523.79,441,8,10,2025,3,5.0,Medium,4.695467823968872,10.413932974625869,0.9000256268754618,0.18529292631733987,87.285,4,204,13243.42
U0113,Ira Kulkarni,32.0,Female,Bengaluru,2024-04-18,T000537,P019,63.66,Wallet,2023-05-22,Product_019,Home,523.79,441,22,5,2023,5,5.0,Medium,4.169142772297287,7.978721702127478,-0.08678466663421187,0.10282800014729165,69.23,3,752,13243.42
U0120,Vihaan Roy,38.0,Male,Thane,2023-11-15,T000687,P019,77.51,UPI,2024-11-01,Product_019,Home,523.79,441,1,11,2024,4,5.0,Medium,4.363226005210164,8.803976374343584,0.21835760988083583,0.12832787126707662,60.0675,4,254,13243.42
U0129,Arjun Das,32.0,Male,Indore,2023-02-22,T000432,P019,136.69,Debit Card,2024-10-15,Product_019,Home,523.79,441,15,10,2024,2,5.0,Medium,4.925004781456281,11.69144986731757,1.5222074238996453,0.23728688735869202,62.84571428571429,7,425,13243.42
U0130,Anaya Kapoor,27.0,Female,Indore,2022-03-05,T000657,P019,33.13,Wallet,2025-10-23,Product_019,Home,523.79,441,23,10,2025,5,5.0,Medium,3.530176762918616,5.755866572463264,-0.7594195909666595,0.04661781492801119,35.656,5,189,13243.42
U0138,Aadhya Chopra,29.0,Other,Mumbai,2022-03-27,T000478,P019,156.24,Credit Card,2025-10-25,Product_019,Home,523.79,441,25,10,2025,1,5.0,Medium,5.057773300553659,12.499599993599796,1.9529317203522938,0.27328129027506715,87.76,6,187,13243.42
U0138,Aadhya Chopra,29.0,Other,Mumbai,2022-03-27,T000590,P019,20.15,Debit Card,2025-07-25,Product_019,Home,523.79,441,25,7,2025,2,5.0,Medium,3.0516399054922867,4.488875137492688,-1.0453940854912311,0.02271974076665316,87.76,6,187,13243.42
U0150,Muhammad Gupta,34.0,Other,Kolkata,2022-04-15,T000874,P019,25.28,Net Banking,2023-08-30,Product_019,Home,523.79,441,30,8,2023,3,5.0,Medium,3.26880819361641,5.027922035990614,-0.9323702675473904,0.03216481938358434,50.943333333333335,9,271,13243.42
U0164,Muhammad Gupta,25.0,Male,Indore,2023-05-16,T000397,P019,46.44,UPI,2024-03-28,Product_019,Home,523.79,441,28,3,2024,4,5.0,Medium,3.85946575468947,6.814690014960328,-0.46617455844570055,0.0711234672460139,63.097142857142856,7,199,13243.42
U0166,Meera Roy,35.0,Male,Bengaluru,2022-10-29,T000732,P019,168.8,Net Banking,2025-04-23,Product_019,Home,523.79,441,23,4,2025,3,5.0,Medium,5.134621273877247,12.992305415129373,2.2296528028814633,0.29640608314615013,83.738,5,372,13243.42
U0170,Diya Roy,25.0,Female,Surat,2022-09-15,T000261,P019,177.48,UPI,2025-07-02,Product_019,Home,523.79,441,2,7,2025,4,5.0,Medium,5.184476550124277,13.32216198670471,2.4208899841197744,0.3123872298118348,99.21571428571428,7,302,13243.42
U0170,Diya Roy,25.0,Female,Surat,2022-09-15,T000788,P019,92.43,UPI,2024-05-01,Product_019,Home,523.79,441,1,5,2024,4,5.0,Medium,4.537212492804865,9.614052215377239,0.5470740550508365,0.15579776853113375,99.21571428571428,7,302,13243.42
U0180,Reyansh Verma,53.0,Female,Bhopal,2022-04-27,T000063,P019,7.8100000000000005,Credit Card,2025-03-21,Product_019,Home,523.79,441,21,3,2025,1,5.0,Medium,2.175887439948088,2.7946377224964243,-1.3172681426894757,0.0,69.09142857142858,7,199,13243.42
U0184,Kiara Kulkarni,35.0,Other,Ghaziabad,2022-08-20,T000022,P019,17.81,Cash,2024-07-13,Product_019,Home,523.79,441,13,7,2024,0,5.0,Medium,2.934388643312939,4.220189569201838,-1.0969488094656146,0.018411459292263503,95.79,6,289,13243.42
U0199,Meera Roy,32.0,Male,Ghaziabad,2022-02-10,T000455,P019,255.7,Net Banking,2025-08-12,Product_019,Home,523.79,441,12,8,2025,3,5.0,Medium,5.5479080878770946,15.990622251807464,4.144227808596815,0.4564016643959199,76.08555555555556,9,261,13243.42
U0012,Aarohi Singh,28.0,Other,Ghaziabad,2024-06-25,T000895,P020,84.74,UPI,2025-07-22,Product_020,Toys,1595.75,428,22,7,2025,4,7.0,Very High,4.451319461169831,9.205433178292045,0.37764848780168714,0.1416393563353831,76.72625,8,207,6015.99
U0017,Ishaan Gupta,23.0,Other,Pune,2023-07-01,T000289,P020,150.25,Net Banking,2025-09-07,Product_020,Toys,1595.75,428,7,9,2025,3,7.0,Very High,5.018934096910951,12.257650672131263,1.820960439751201,0.2622528261590013,73.136,5,235,6015.99
U0020,Vivaan Ghosh,20.0,Male,Lucknow,2023-02-15,T000495,P020,77.93,Debit Card,2024-05-07,Product_020,Toys,1595.75,428,7,5,2024,2,7.0,Very High,4.368561383720311,8.827797007181351,0.22761102187623805,0.1291011525573517,71.65,4,390,6015.99
U0061,Aarohi Joshi,28.0,Male,Chennai,2022-10-31,T000434,P020,42.26,Debit Card,2024-03-28,Product_020,Toys,1595.75,428,28,3,2024,2,7.0,Very High,3.7672284205249125,6.500769185258003,-0.5582680397332744,0.06342747726184776,86.66,7,306,6015.99
U0062,Muhammad Verma,30.0,Other,Vadodara,2022-03-04,T000577,P020,35.29,Credit Card,2024-01-10,Product_020,Toys,1595.75,428,10,1,2024,1,7.0,Very High,3.591542221224979,5.940538696111658,-0.7118306149903055,0.050594690135140105,68.21714285714286,7,302,6015.99
U0090,Sai Iyer,36.0,Male,Indore,2022-01-26,T000197,P020,19.53,Wallet,2025-03-13,Product_020,Toys,1595.75,428,13,3,2025,5,7.0,Very High,3.0218872310308424,4.419275958796871,-1.0590538841511106,0.021578230290532824,57.08,5,413,6015.99
U0097,Aarohi Nair,34.0,Male,Hyderabad,2024-06-17,T000764,P020,83.55,Wallet,2024-08-26,Product_020,Toys,1595.75,428,26,8,2024,5,7.0,Very High,4.4373430753445895,9.140568910084317,0.3514304871480477,0.13944839267960377,85.14,6,234,6015.99
U0102,Kiara Sharma,28.0,Other,Vadodara,2023-12-05,T000167,P020,62.46,Wallet,2024-11-26,Product_020,Toys,1595.75,428,26,11,2024,5,7.0,Very High,4.150409786155049,7.903163923391695,-0.1132229866210751,0.10061862503222004,82.49285714285715,7,437,6015.99
U0106,Aadhya Singh,35.0,Other,Ahmedabad,2022-07-16,T000435,P020,29.75,UPI,2023-05-05,Product_020,Toys,1595.75,428,5,5,2023,4,7.0,Very High,3.4258899942525267,5.454356057317857,-0.8338875255963246,0.04039474168722612,40.444,5,248,6015.99
U0117,Aadhya Joshi,31.0,Female,Kolkata,2022-06-01,T000060,P020,86.9,Debit Card,2025-02-26,Product_020,Toys,1595.75,428,26,2,2025,2,7.0,Very High,4.476199804691132,9.322016949137135,0.42523746377804134,0.14561623154251205,102.84153846153846,13,236,6015.99
U0151,Kabir Kulkarni,34.0,Male,Patna,2024-03-12,T000894,P020,56.33,Debit Card,2023-05-14,Product_020,Toys,1595.75,428,14,5,2023,2,7.0,Very High,4.048824046920291,7.505331438384317,-0.24827873788730198,0.0893324004860625,71.11875,8,400,6015.99
U0156,Reyansh Amin,26.0,Other,Jaipur,2023-09-23,T000850,P020,124.97,Wallet,2024-07-17,Product_020,Toys,1595.75,428,17,7,2024,5,7.0,Very High,4.836043783364212,11.178998166204341,1.2639931653612801,0.21570865706815917,69.09,4,629,6015.99
U0163,Sara Khan,41.0,Other,Mumbai,2023-06-14,T000539,P020,148.31,Debit Card,2024-06-01,Product_020,Toys,1595.75,428,1,6,2024,2,7.0,Very High,5.006024681538572,12.178259317324459,1.778218489105772,0.2586810030563022,109.69000000000001,7,462,6015.99
U0173,Muhammad Joshi,31.0,Female,Patna,2024-09-27,T000411,P020,80.85,Wallet,2023-02-14,Product_020,Toys,1595.75,428,14,2,2023,5,7.0,Very High,4.404888303817144,8.99166280506559,0.2919442671776052,0.1344772986706926,70.39666666666666,6,308,6015.99
U0186,Saanvi Mukherjee,37.0,Female,Patna,2023-09-28,T000028,P020,28.6,Cash,2025-09-29,Product_020,Toys,1595.75,428,29,9,2025,0,7.0,Very High,3.3877743613300146,5.347896782848375,-0.8592242489170685,0.03827742386861582,90.67,3,213,6015.99
U0012,Aarohi Singh,28.0,Other,Ghaziabad,2024-06-25,T000033,P021,56.11,Wallet,2025-08-26,Product_021,Books,3055.12,169,26,8,2025,5,1.0,Very High,4.044979232676772,7.490660852021001,-0.2531257632182269,0.08892734838163271,76.72625,8,207,12529.84
U0021,Ishaan Gupta,43.0,Male,Patna,2024-06-16,T000115,P021,119.5,Cash,2023-10-31,Product_021,Books,3055.12,169,31,10,2023,0,1.0,Very High,4.791649752930709,10.931605554537724,1.143478490087828,0.20563758883529104,83.7875,4,653,12529.84
U0033,Ishaan Amin,31.0,Male,Visakhapatnam,2024-07-23,T000291,P021,54.34,Wallet,2023-06-01,Product_021,Books,3055.12,169,1,6,2023,5,1.0,Very High,4.01349597435878,7.371566997592846,-0.2921222851988502,0.08566852008690208,71.74714285714286,7,451,12529.84
U0037,Aarav Patel,33.0,Female,Surat,2022-09-03,T000880,P021,90.93,Wallet,2024-01-05,Product_021,Books,3055.12,169,5,1,2024,5,1.0,Very High,4.521027417875663,9.535722311393092,0.5140261550672574,0.15303604963729422,63.22,4,393,12529.84
U0043,Ira Roy,31.0,Male,Kolkata,2022-08-19,T000406,P021,168.36,Cash,2025-06-23,Product_021,Books,3055.12,169,23,6,2025,0,1.0,Very High,5.13202662682661,12.975361266646877,2.2199587522196134,0.29559597893729056,95.22,7,311,12529.84
U0046,Vivaan Ghosh,26.0,Male,Delhi,2024-05-30,T000493,P021,28.54,Credit Card,2024-02-29,Product_021,Books,3055.12,169,29,2,2024,1,1.0,Very High,3.3857452771032337,5.342284155677232,-0.8605461649164118,0.038166955112862236,131.065,4,204,12529.84
U0056,Aarohi Patel,39.0,Male,Vadodara,2024-05-06,T000714,P021,140.68,Debit Card,2023-07-06,Product_021,Books,3055.12,169,6,7,2023,2,1.0,Very High,4.953570993474578,11.86086000254619,1.610114837855966,0.24463305961630516,77.48333333333333,3,400,12529.84
U0058,Meera Joshi,29.0,Male,Nagpur,2024-07-13,T000682,P021,39.71,Debit Card,2025-05-02,Product_021,Books,3055.12,169,2,5,2025,2,1.0,Very High,3.7064737625148876,6.30158710167526,-0.614449469705359,0.05873255514232058,52.6725,4,363,12529.84
U0086,Aarohi Reddy,27.0,Female,Ahmedabad,2022-02-12,T000007,P021,74.37,Wallet,2023-08-03,Product_021,Books,3055.12,169,3,8,2023,5,1.0,Very High,4.322409317855379,8.623804264940155,0.14917733924854346,0.12254667304930589,87.285,4,204,12529.84
U0094,Kabir Ghosh,29.0,Male,Mumbai,2023-11-07,T000570,P021,161.98,Debit Card,2025-07-26,Product_021,Books,3055.12,169,26,7,2025,2,1.0,Very High,5.093627493892074,12.727136362905837,2.0793950176227898,0.28384946790882637,63.004,5,278,12529.84
U0115,Aarav Verma,30.0,Male,Bhopal,2023-09-18,T000951,P021,30.12,Credit Card,2025-10-15,Product_021,Books,3055.12,169,15,10,2025,1,1.0,Very High,3.4378506993101907,5.488169093604897,-0.8257357102670416,0.041075965681039876,44.77333333333333,6,197,12529.84
U0117,Aadhya Joshi,31.0,Female,Kolkata,2022-06-01,T000031,P021,35.23,Debit Card,2024-05-04,Product_021,Books,3055.12,169,4,5,2024,2,1.0,Very High,3.5898875049069856,5.935486500700679,-0.7131525309896488,0.05048422137938652,102.84153846153846,13,236,12529.84
U0120,Vihaan Roy,38.0,Male,Thane,2023-11-15,T000709,P021,80.42,Net Banking,2023-09-05,Product_021,Books,3055.12,169,5,9,2023,3,1.0,Very High,4.399620943074833,8.967719888578143,0.2824705358489793,0.1336856059211253,60.0675,4,254,12529.84
U0123,Aarohi Roy,43.0,Male,Bhopal,2023-04-06,T000530,P021,34.23,Debit Card,2025-03-26,Product_021,Books,3055.12,169,26,3,2025,2,1.0,Very High,3.561897992353146,5.850640990524029,-0.7351844643120349,0.04864307545016017,51.17285714285715,7,400,12529.84
U0135,Ishaan Mukherjee,24.0,Female,Mumbai,2023-02-03,T000439,P021,25.18,Wallet,2025-05-02,Product_021,Books,3055.12,169,2,5,2025,5,1.0,Very High,3.264995760481754,5.017967716117751,-0.9345734608796291,0.0319807047906617,58.055,8,363,12529.84
U0151,Kabir Kulkarni,34.0,Male,Patna,2024-03-12,T000106,P021,58.58,Credit Card,2023-12-23,Product_021,Books,3055.12,169,23,12,2023,1,1.0,Very High,4.0873199472851365,7.653757247260981,-0.19870688791193325,0.09347497882682179,71.11875,8,400,12529.84
U0152,Vivaan Mehta,34.0,Other,Indore,2023-11-09,T000747,P021,21.86,Wallet,2025-01-04,Product_021,Books,3055.12,169,4,1,2025,5,1.0,Very High,3.1293886583666644,4.675467891024383,-1.0077194795099509,0.02586810030563022,59.41,4,212,12529.84
U0161,Aarav Joshi,24.0,Female,Pune,2023-05-15,T000177,P021,92.15,Debit Card,2025-06-19,Product_021,Books,3055.12,169,19,6,2025,2,1.0,Very High,4.5342110970475975,9.599479152537391,0.5409051137205684,0.1552822476709504,59.246,5,200,12529.84
U0174,Ira Kulkarni,34.0,Female,Hyderabad,2024-05-02,T000924,P021,27.5,Net Banking,2023-08-26,Product_021,Books,3055.12,169,26,8,2023,3,1.0,Very High,3.349904087274605,5.244044240850758,-0.8834593755716933,0.03625216334646684,50.701428571428565,7,219,12529.84
U0185,Ira Bose,30.0,Female,Thane,2022-11-01,T000683,P021,40.7,UPI,2023-06-09,Product_021,Books,3055.12,169,9,6,2023,4,1.0,Very High,3.730501128804756,6.3796551630946325,-0.5926378557161966,0.06055528961225466,72.525,4,232,12529.84
U0195,Ishaan Reddy,33.0,Male,Delhi,2022-06-19,T000459,P021,61.49,Debit Card,2025-01-29,Product_021,Books,3055.12,169,29,1,2025,2,1.0,Very High,4.135006543940991,7.841555968046138,-0.13459396194378961,0.09883271348087048,94.738,5,456,12529.84
U0199,Meera Roy,32.0,Male,Ghaziabad,2022-02-10,T000502,P021,102.45,Credit Card,2024-07-13,Product_021,Books,3055.12,169,13,7,2024,1,1.0,Very High,4.639088404191552,10.121758740456126,0.7678340269411452,0.1742460507419818,76.08555555555556,9,261,12529.84
U0199,Meera Roy,32.0,Male,Ghaziabad,2022-02-10,T000828,P021,58.68,UPI,2025-05-03,Product_021,Books,3055.12,169,3,5,2025,4,1.0,Very High,4.088996955895506,7.660287200882223,-0.1965036945796946,0.09365909341974443,76.08555555555556,9,261,12529.84
U0001,Vihaan Sharma,35.0,Other,Jaipur,2022-09-08,T000960,P022,44.93,UPI,2024-08-20,Product_022,Electronics,3207.91,466,20,8,2024,4,3.0,Very High,3.8271184983377022,6.702984409947557,-0.4994427777625035,0.06834333689288212,77.47333333333334,3,618,5616.05
U0013,Diya Chopra,33.0,Male,Bengaluru,2022-02-16,T000099,P022,88.92,Debit Card,2023-09-15,Product_022,Electronics,3207.91,466,15,9,2023,2,3.0,Very High,4.498920386145381,9.429740187301027,0.4697419690892612,0.14933534631954926,96.2925,4,356,5616.05
U0017,Ishaan Gupta,23.0,Other,Pune,2023-07-01,T000857,P022,53.77,UPI,2024-10-27,Product_022,Electronics,3207.91,466,27,10,2024,4,3.0,Very High,4.00314259879563,7.332803011127464,-0.3046804871926103,0.08461906690724307,73.136,5,235,5616.05
U0026,Ira Joshi,32.0,Male,Delhi,2024-05-31,T000786,P022,27.25,Debit Card,2024-01-25,Product_022,Electronics,3207.91,466,25,1,2024,2,3.0,Very High,3.34109345759245,5.220153254455275,-0.8889673589022898,0.03579187686416025,41.928,5,775,5616.05
U0037,Aarav Patel,33.0,Female,Surat,2022-09-03,T000769,P022,53.3,Wallet,2023-06-09,Product_022,Electronics,3207.91,466,9,6,2023,5,3.0,Very High,3.9945242269398897,7.3006848993775915,-0.3150354958541319,0.08375372832050666,63.22,4,393,5616.05
U0042,Muhammad Singh,33.0,Female,Kanpur,2023-03-25,T000008,P022,74.31,Net Banking,2025-10-11,Product_022,Electronics,3207.91,466,11,10,2025,3,3.0,Very High,4.32161292811326,8.620324819866129,0.14785542324920026,0.12243620429355229,49.59,3,201,5616.05
U0052,Vivaan Patel,28.0,Male,Nagpur,2024-01-16,T000879,P022,134.35,Net Banking,2025-07-26,Product_022,Electronics,3207.91,466,26,7,2025,3,3.0,Very High,4.90786401606031,11.59094474147815,1.4706526999252618,0.23297860588430233,63.350833333333334,12,204,5616.05
U0055,Ishaan Roy,40.0,Male,Bengaluru,2023-03-30,T000203,P022,54.77,Net Banking,2024-01-29,Product_022,Electronics,3207.91,466,29,1,2024,3,3.0,Very High,4.021236090401462,7.400675644831356,-0.2826485538702242,0.08646021283646942,200.54,2,210,5616.05
U0057,Aarav Gupta,25.0,Male,Pune,2023-02-21,T000168,P022,55.01,Debit Card,2023-06-06,Product_022,Electronics,3207.91,466,6,6,2023,2,3.0,Very High,4.025530246221741,7.416872656315463,-0.2773608898728516,0.08690208785948372,87.152,5,587,5616.05
U0080,Ishaan Amin,18.0,Female,Jaipur,2024-07-16,T000555,P022,30.89,Net Banking,2024-02-28,Product_022,Electronics,3207.91,466,28,2,2024,3,3.0,Very High,3.4622924810219664,5.5578772926361015,-0.8087711216088044,0.042493648046544166,62.012857142857136,7,380,5616.05
U0089,Kiara Kulkarni,27.0,Other,Ahmedabad,2024-08-05,T000030,P022,82.09,Cash,2025-02-11,Product_022,Electronics,3207.91,466,11,2,2025,0,3.0,Very High,4.41992435767689,9.060353193998566,0.31926386449736416,0.1367603196229333,56.611428571428576,7,443,5616.05
U0102,Kiara Sharma,28.0,Other,Vadodara,2023-12-05,T000526,P022,48.89,Cash,2025-02-17,Product_022,Electronics,3207.91,466,17,2,2025,0,3.0,Very High,3.909820581872946,6.992138442565336,-0.4121963218058545,0.07563427477261847,82.49285714285715,7,437,5616.05
U0106,Aadhya Singh,35.0,Other,Ahmedabad,2022-07-16,T000370,P022,44.22,Wallet,2025-08-25,Product_022,Electronics,3207.91,466,25,8,2025,5,3.0,Very High,3.811539466849824,6.64981202741852,-0.5150854504213976,0.06703612328313141,40.444,5,248,5616.05
U0108,Saanvi Singh,33.0,Female,Vadodara,2024-05-03,T000873,P022,57.17,UPI,2024-06-17,Product_022,Electronics,3207.91,466,17,6,2024,4,3.0,Very High,4.06336975792267,7.561084578286372,-0.22977191389649756,0.09087896306661265,63.251666666666665,6,279,5616.05
U0117,Aadhya Joshi,31.0,Female,Kolkata,2022-06-01,T000957,P022,36.13,Cash,2025-08-26,Product_022,Electronics,3207.91,466,26,8,2025,0,3.0,Very High,3.6144252681889886,6.010823570859488,-0.6933237909995011,0.05214125271569024,102.84153846153846,13,236,5616.05
U0152,Vivaan Mehta,34.0,Other,Indore,2023-11-09,T000036,P022,79.87,Credit Card,2025-06-20,Product_022,Electronics,3207.91,466,20,6,2025,1,3.0,Very High,4.392842927107731,8.937001734362594,0.270352972521667,0.1326729756600508,59.41,4,212,5616.05
U0152,Vivaan Mehta,34.0,Other,Indore,2023-11-09,T000339,P022,99.86,Cash,2025-09-30,Product_022,Electronics,3207.91,466,30,9,2025,0,3.0,Very High,4.6137334166485795,9.992997548283498,0.7107713196361651,0.16947748278528554,59.41,4,212,5616.05
U0170,Diya Roy,25.0,Female,Surat,2022-09-15,T000206,P022,79.34,Cash,2023-09-26,Product_022,Electronics,3207.91,466,26,9,2023,0,3.0,Very High,4.386267628931136,8.907300376657341,0.2586760478608024,0.13169716831756084,99.21571428571428,7,302,5616.05
U0172,Vihaan Kapoor,25.0,Other,Pune,2022-07-16,T000940,P022,83.15,Cash,2023-07-15,Product_022,Electronics,3207.91,466,15,7,2023,0,3.0,Very High,4.432600920636815,9.118662182579197,0.34261771381909345,0.13871193430791323,63.964,5,471,5616.05
U0175,Muhammad Singh,34.0,Male,Kanpur,2022-07-03,T000871,P022,53.08,Wallet,2023-07-02,Product_022,Electronics,3207.91,466,2,7,2023,5,3.0,Very High,3.9904644317347087,7.285602240034794,-0.31988252118505683,0.08334867621607688,53.07333333333333,6,437,5616.05
U0193,Ishaan Chopra,33.0,Other,Chennai,2023-03-12,T000547,P022,61.07,Net Banking,2023-08-05,Product_022,Electronics,3207.91,466,5,8,2023,3,3.0,Very High,4.128262780425561,7.814729681825213,-0.1438473739391918,0.09805943219059542,70.998,5,429,5616.05
U0013,Diya Chopra,33.0,Male,Bengaluru,2022-02-16,T000438,P023,57.05,Wallet,2025-02-19,Product_023,Books,1984.98,450,19,2,2025,5,1.0,Very High,4.061304708143901,7.553145040312677,-0.23241574589518402,0.09065802555510548,96.2925,4,356,12529.84
U0028,Kiara Kulkarni,35.0,Male,Nagpur,2023-01-26,T000133,P023,57.14,Cash,2025-01-22,Product_023,Books,1984.98,450,22,1,2025,0,1.0,Very High,4.06285389513073,7.559100475585703,-0.23043287189616918,0.09082372868873585,78.77333333333334,9,250,12529.84
U0039,Meera Gupta,21.0,Other,Ahmedabad,2022-05-12,T000552,P023,24.26,Credit Card,2025-09-15,Product_023,Books,1984.98,450,15,9,2025,1,1.0,Very High,3.229222116922345,4.9254441424099005,-0.9548428395362242,0.030286850535773464,51.09166666666667,6,224,12529.84
U0045,Sai Chopra,20.0,Male,Mumbai,2022-03-14,T000729,P023,139.67,Debit Card,2024-01-19,Product_023,Books,1984.98,450,19,1,2024,2,1.0,Very High,4.946416721769604,11.818206293680948,1.5878625852003556,0.2427735022277865,85.19375,8,385,12529.84
U0057,Aarav Gupta,25.0,Male,Pune,2023-02-21,T000872,P023,72.69,Debit Card,2024-09-20,Product_023,Books,1984.98,450,20,9,2024,2,1.0,Very High,4.299867104778908,8.525843066817497,0.11216369126693465,0.11945354788820559,87.152,5,587,12529.84
U0061,Aarohi Joshi,28.0,Male,Chennai,2022-10-31,T000770,P023,23.14,UPI,2023-12-10,Product_023,Books,1984.98,450,10,12,2023,4,1.0,Very High,3.1838702156693857,4.810405388322278,-0.9795186048572967,0.028224767095039953,86.66,7,306,12529.84
U0074,Diya Gupta,44.0,Male,Kanpur,2022-10-19,T000253,P023,30.22,Credit Card,2024-11-10,Product_023,Books,1984.98,450,10,11,2024,1,1.0,Very High,3.441058915087286,5.497272050753901,-0.8235325169348031,0.0412600802739625,60.69333333333333,6,438,12529.84
U0076,Ira Sharma,38.0,Other,Vadodara,2022-11-03,T000049,P023,157.48,UPI,2025-06-01,Product_023,Books,1984.98,450,1,6,2025,4,1.0,Very High,5.0656284023902955,12.549103553640794,1.9802513176720522,0.2755643112273078,71.53428571428572,7,199,12529.84
U0085,Arjun Kapoor,25.0,Male,Kanpur,2023-08-20,T000927,P023,65.47,Net Banking,2024-07-03,Product_023,Books,1984.98,450,3,7,2024,3,1.0,Very High,4.19675071805349,8.09135340965898,-0.046906867320692984,0.10616047427919134,65.51666666666667,6,294,12529.84
U0087,Kabir Mehta,39.0,Male,Kanpur,2022-08-04,T000138,P023,45.02,Credit Card,2024-01-07,Product_023,Books,1984.98,450,7,1,2024,1,1.0,Very High,3.82907608460722,6.709694478886502,-0.4974599037634887,0.0685090400265125,39.2425,4,197,12529.84
U0090,Sai Iyer,36.0,Male,Indore,2022-01-26,T000574,P023,97.86,Net Banking,2023-12-20,Product_023,Books,1984.98,450,20,12,2023,3,1.0,Very High,4.593704707878813,9.892421341612982,0.6667074529913929,0.16579519092683284,57.08,5,413,12529.84
U0102,Kiara Sharma,28.0,Other,Vadodara,2023-12-05,T000362,P023,189.66,Debit Card,2024-08-17,Product_023,Books,1984.98,450,17,8,2024,2,1.0,Very High,5.250491737065432,13.771710133458372,2.689238931986437,0.33481238722981177,82.49285714285715,7,437,12529.84
U0114,Sai Singh,51.0,Male,Chennai,2022-05-31,T000058,P023,35.71,Cash,2024-09-04,Product_023,Books,1984.98,450,4,9,2024,0,1.0,Very High,3.603049197508743,5.975784467331465,-0.7025772029949033,0.051367971425415174,52.12571428571429,7,223,12529.84
U0118,Aarav Patel,22.0,Female,Kolkata,2022-06-30,T000424,P023,122.39,Debit Card,2024-07-18,Product_023,Books,1984.98,450,18,7,2024,2,1.0,Very High,4.815350070910442,11.06300140106653,1.207150777389524,0.21095850057075521,127.7,4,494,12529.84
U0123,Aarohi Roy,43.0,Male,Bhopal,2023-04-06,T000360,P023,42.41,Cash,2024-07-14,Product_023,Books,1984.98,450,14,7,2024,0,1.0,Very High,3.770689829311502,6.512296062065975,-0.5549632497349166,0.06370364915123171,51.17285714285715,7,400,12529.84
U0124,Ishaan Ghosh,20.0,Other,Jaipur,2024-02-24,T000942,P023,124.64,Wallet,2025-02-27,Product_023,Books,1984.98,450,27,2,2025,5,1.0,Very High,4.833420674670446,11.16422858956229,1.2567226273648928,0.21510107891151448,64.74000000000001,3,384,12529.84
U0126,Myra Gupta,49.0,Other,Surat,2022-08-29,T000898,P023,16.46,Debit Card,2023-12-04,Product_023,Books,1984.98,450,4,12,2023,2,1.0,Very High,2.859912550411456,4.057092555020159,-1.1266919194508358,0.01592591228780793,66.15166666666666,6,642,12529.84
U0136,Anaya Bose,44.0,Other,Pune,2024-05-10,T000742,P023,92.16,Cash,2024-04-21,Product_023,Books,1984.98,450,21,4,2024,0,1.0,Very High,4.53431844501614,9.6,0.541125433053792,0.15530065913024263,69.52000000000001,5,420,12529.84
U0138,Aadhya Chopra,29.0,Other,Mumbai,2022-03-27,T000710,P023,199.93,Debit Card,2025-07-14,Product_023,Books,1984.98,450,14,7,2025,2,1.0,Very High,5.302956588696461,14.139660533407442,2.915506887207343,0.35372095592296643,87.76,6,187,12529.84
U0138,Aadhya Chopra,29.0,Other,Mumbai,2022-03-27,T000819,P023,45.05,Net Banking,2024-06-24,Product_023,Books,1984.98,450,24,6,2024,3,1.0,Very High,3.829727762701316,6.711929677819934,-0.4967989457638172,0.06856427440438928,87.76,6,187,12529.84
U0139,Kiara Reddy,38.0,Female,Pune,2022-02-21,T000694,P023,110.12,Wallet,2023-01-20,Product_023,Books,1984.98,450,20,1,2023,5,1.0,Very High,4.7106106984460885,10.493807697875924,0.9368189555238466,0.18836764001914788,85.75750000000001,4,312,12529.84
U0140,Ishaan Bose,22.0,Female,Chennai,2023-04-11,T000355,P023,66.86,Wallet,2024-06-25,Product_023,Books,1984.98,450,25,6,2024,5,1.0,Very High,4.2174467593560845,8.176796438703851,-0.01628248000257629,0.10871966712081597,59.8075,4,674,12529.84
U0147,Ishaan Mehta,22.0,Male,Ghaziabad,2023-09-14,T000062,P023,52.68,Cash,2024-08-28,Product_023,Books,1984.98,450,28,8,2024,0,1.0,Very High,3.9830404926634264,7.258098924649622,-0.32869529451401125,0.08261221784438633,56.32750000000001,12,187,12529.84
U0150,Muhammad Gupta,34.0,Other,Kolkata,2022-04-15,T000322,P023,75.64,Credit Card,2023-04-14,Product_023,Books,1984.98,450,14,4,2023,1,1.0,Very High,4.339119133662605,8.69712596206356,0.17715789456797373,0.12488492837942333,50.943333333333335,9,271,12529.84
U0168,Saanvi Mehta,47.0,Female,Vadodara,2023-06-28,T000419,P023,72.86,Credit Card,2024-01-01,Product_023,Books,1984.98,450,1,1,2024,1,1.0,Very High,4.3021714094244174,8.53580693314932,0.11590911993174033,0.11976654269617407,51.00599999999999,5,684,12529.84
U0172,Vihaan Kapoor,25.0,Other,Pune,2022-07-16,T000867,P023,25.11,Cash,2024-09-06,Product_023,Books,1984.98,450,6,9,2024,0,1.0,Very High,3.2623183827110376,5.01098792654702,-0.9361156962121961,0.031851824575615854,63.964,5,471,12529.84
U0176,Kabir Sharma,38.0,Other,Vadodara,2022-05-10,T000981,P023,60.82,Wallet,2023-09-29,Product_023,Books,1984.98,450,29,9,2023,5,1.0,Very High,4.124226936703971,7.798717843338096,-0.14935535726978832,0.09759914570828883,56.64,5,226,12529.84
U0183,Kabir Gupta,23.0,Male,Hyderabad,2023-07-26,T000737,P023,29.58,Net Banking,2025-09-19,Product_023,Books,1984.98,450,19,9,2025,3,1.0,Very High,3.420346200500916,5.438749856354859,-0.8376329542611303,0.04008174687925764,40.57,2,223,12529.84
U0191,Kabir Verma,28.0,Male,Surat,2023-12-25,T000499,P023,95.05,Credit Card,2023-07-20,Product_023,Books,1984.98,450,20,7,2023,1,1.0,Very High,4.564868889214566,9.749358953285082,0.604797720355488,0.16062157086570678,58.73333333333333,3,419,12529.84
U0199,Meera Roy,32.0,Male,Ghaziabad,2022-02-10,T000170,P023,34.34,UPI,2023-10-30,Product_023,Books,1984.98,450,30,10,2023,4,1.0,Very High,3.5650154668915506,5.860034129593445,-0.7327609516465723,0.048845601502375074,76.08555555555556,9,261,12529.84
U0005,Sara Sharma,30.0,Other,Chennai,2024-01-04,T000202,P024,38.11,UPI,2024-01-05,Product_024,Home,2509.0,267,5,1,2024,4,5.0,Very High,3.666378188767423,6.17332973362026,-0.6497005630211767,0.05578672165555841,57.94833333333333,6,312,13243.42
U0005,Sara Sharma,30.0,Other,Chennai,2024-01-04,T000341,P024,90.14,UPI,2023-08-13,Product_024,Home,2509.0,267,13,8,2023,4,5.0,Very High,4.512396785835737,9.494208761134336,0.4966209277425722,0.15158154435320542,57.94833333333333,6,312,13243.42
U0007,Ishaan Sharma,44.0,Male,Indore,2022-12-15,T000287,P024,37.04,Cash,2025-01-25,Product_024,Home,2509.0,267,25,1,2025,0,5.0,Very High,3.6386382376771897,6.086049621881176,-0.67327473167613,0.05381669551128622,85.938,5,193,13243.42
U0019,Aarohi Ghosh,24.0,Other,Lucknow,2024-05-13,T000758,P024,71.81,Wallet,2025-03-21,Product_024,Home,2509.0,267,21,3,2025,5,5.0,Very High,4.2878533084066195,8.474078120952155,0.09277558994323498,0.11783333947048641,61.866666666666674,3,405,13243.42
U0021,Ishaan Gupta,43.0,Male,Patna,2024-06-16,T000224,P024,97.8,Debit Card,2023-02-27,Product_024,Home,2509.0,267,27,2,2023,2,5.0,Very High,4.593097604753822,9.889388252060893,0.6653855369920497,0.16568472217107924,83.7875,4,653,13243.42
U0041,Sara Mukherjee,37.0,Male,Vadodara,2024-02-13,T000143,P024,63.24,UPI,2024-10-26,Product_024,Home,2509.0,267,26,10,2024,4,5.0,Very High,4.162626069638506,7.952358140828418,-0.09603807862961393,0.1020547188570166,77.558,5,224,13243.42
U0043,Ira Roy,31.0,Male,Kolkata,2022-08-19,T000670,P024,182.39,Debit Card,2024-07-04,Product_024,Home,2509.0,267,4,7,2024,2,5.0,Very High,5.211615032708743,13.505184189784305,2.52906677673269,0.32142725632433616,95.22,7,311,13243.42
U0048,Meera Das,40.0,Other,Ahmedabad,2024-01-11,T000797,P024,160.55,Net Banking,2025-01-26,Product_024,Home,2509.0,267,26,1,2025,3,5.0,Very High,5.084814692270507,12.670832648251654,2.047889352971778,0.28121662923003277,69.612,5,246,13243.42
U0062,Muhammad Verma,30.0,Other,Vadodara,2022-03-04,T000840,P024,102.34,Net Banking,2025-07-02,Product_024,Home,2509.0,267,2,7,2025,3,5.0,Very High,4.638024522859038,10.116323442832382,0.7654105142756827,0.1740435246897669,68.21714285714286,7,302,13243.42
U0067,Saanvi Ghosh,31.0,Other,Ghaziabad,2022-02-10,T000457,P024,55.06,Cash,2025-10-15,Product_024,Home,2509.0,267,15,10,2025,0,5.0,Very High,4.026422545736642,7.420242583635659,-0.27625929320673226,0.08699414515594504,68.82333333333334,3,197,13243.42
U0081,Vivaan Gupta,30.0,Other,Indore,2024-04-29,T000635,P024,53.47,UPI,2023-10-08,Product_024,Home,2509.0,267,8,10,2023,4,5.0,Very High,3.9976500913955832,7.312318373812781,-0.3112900671893262,0.08406672312847514,56.55666666666667,6,387,13243.42
U0088,Sai Patel,34.0,Female,Vadodara,2024-06-24,T000956,P024,100.07,Credit Card,2024-04-01,Product_024,Home,2509.0,267,1,4,2024,1,5.0,Very High,4.615813346086571,10.003499387714282,0.7153980256338661,0.16986412343042306,104.09666666666665,3,182,13243.42
U0094,Kabir Ghosh,29.0,Male,Mumbai,2023-11-07,T000191,P024,31.85,UPI,2025-03-04,Product_024,Home,2509.0,267,4,3,2025,4,5.0,Very High,3.4919517449306197,5.643580423808985,-0.7876204656193138,0.044261148138601464,63.004,5,278,13243.42
U0114,Sai Singh,51.0,Male,Chennai,2022-05-31,T000511,P024,61.97,UPI,2023-07-29,Product_024,Home,2509.0,267,29,7,2023,4,5.0,Very High,4.142658422500651,7.87210264160726,-0.12401863394904435,0.09971646352689913,52.12571428571429,7,223,13243.42
U0115,Aarav Verma,30.0,Male,Bhopal,2023-09-18,T000550,P024,23.48,Net Banking,2025-08-06,Product_024,Home,2509.0,267,6,8,2025,3,5.0,Very High,3.1978564576441255,4.845616575834287,-0.9720277475276854,0.028850756710976908,44.77333333333333,6,197,13243.42
U0117,Aadhya Joshi,31.0,Female,Kolkata,2022-06-01,T000080,P024,43.33,Wallet,2024-06-20,Product_024,Home,2509.0,267,20,6,2024,5,5.0,Very High,3.7916616487569623,6.582552696332935,-0.5346938710783213,0.06539750340611995,102.84153846153846,13,236,13243.42
U0121,Ira Kapoor,38.0,Other,Lucknow,2024-08-30,T000680,P024,111.39,Net Banking,2023-11-04,Product_024,Home,2509.0,267,4,11,2023,3,5.0,Very High,4.721974965530176,10.554146104730595,0.9647995108432769,0.19070589534926535,54.67714285714286,7,255,13243.42
U0129,Arjun Das,32.0,Male,Indore,2023-02-22,T000223,P024,47.02,Debit Card,2025-03-01,Product_024,Home,2509.0,267,1,3,2025,2,5.0,Very High,3.8716175907931074,6.857113095173507,-0.4533960371187165,0.0721913318849652,62.84571428571429,7,425,13243.42
U0135,Ishaan Mukherjee,24.0,Female,Mumbai,2023-02-03,T000239,P024,19.65,Credit Card,2023-02-11,Product_024,Home,2509.0,267,11,2,2023,1,5.0,Very High,3.027715319407042,4.4328320518603,-1.0564100521524242,0.021799167802039984,58.055,8,363,13243.42
U0136,Anaya Bose,44.0,Other,Pune,2024-05-10,T000274,P024,123.98,Net Banking,2024-10-05,Product_024,Home,2509.0,267,5,10,2024,3,5.0,Very High,4.828153724500936,11.134630662936242,1.242181551372118,0.21388592259822511,69.52000000000001,5,420,13243.42
U0143,Aarohi Verma,19.0,Female,Kolkata,2023-10-28,T000078,P024,38.09,Credit Card,2025-03-19,Product_024,Home,2509.0,267,19,3,2025,1,5.0,Very High,3.6658666798048634,6.171709649683789,-0.6501412016876243,0.05574989873697389,39.68666666666667,3,407,13243.42
U0147,Ishaan Mehta,22.0,Male,Ghaziabad,2023-09-14,T000684,P024,102.16,Credit Card,2025-10-25,Product_024,Home,2509.0,267,25,10,2025,1,5.0,Very High,4.636281181013144,10.107423014794621,0.7614447662776531,0.17371211842250614,56.32750000000001,12,187,13243.42
U0176,Kabir Sharma,38.0,Other,Vadodara,2022-05-10,T000095,P024,67.64,Cash,2025-01-04,Product_024,Home,2509.0,267,4,1,2025,0,5.0,Very High,4.228875455179707,8.224354077980836,0.000902427988884898,0.11015576094561252,56.64,5,226,13243.42
U0177,Ishaan Verma,32.0,Male,Vadodara,2022-10-27,T000093,P024,38.34,Debit Card,2025-06-27,Product_024,Home,2509.0,267,27,6,2025,2,5.0,Very High,3.672241812960913,6.191930232165088,-0.6446332183570279,0.05621018521928048,77.21000000000001,5,190,13243.42
U0180,Reyansh Verma,53.0,Female,Bhopal,2022-04-27,T000700,P024,33.44,Net Banking,2023-06-23,Product_024,Home,2509.0,267,23,6,2023,3,5.0,Very High,3.53921867955953,5.782732917920384,-0.7525896916367198,0.04718857016607135,69.09142857142858,7,199,13243.42
U0188,Muhammad Das,31.0,Female,Bengaluru,2022-06-10,T000889,P024,46.74,Credit Card,2024-10-21,Product_024,Home,2509.0,267,21,10,2024,1,5.0,Very High,3.865769620910684,6.836665854054885,-0.45956497844898464,0.07167581102478182,60.9925,8,422,13243.42
U0007,Ishaan Sharma,44.0,Male,Indore,2022-12-15,T000988,P025,47.71,Debit Card,2023-04-19,Product_025,Electronics,1408.97,272,19,4,2023,2,3.0,High,3.8858843478184513,6.90724257573165,-0.43819400312627016,0.07346172257613137,85.938,5,193,5616.05
U0013,Diya Chopra,33.0,Male,Bengaluru,2022-02-16,T000775,P025,41.77,Net Banking,2025-05-09,Product_025,Electronics,1408.97,272,9,5,2025,3,3.0,High,3.7558369222388173,6.46297145282261,-0.5690636870612436,0.06252531575652685,96.2925,4,356,5616.05
U0034,Vihaan Singh,23.0,Other,Visakhapatnam,2023-09-16,T000652,P025,39.12,Cash,2025-05-11,Product_025,Electronics,1408.97,272,11,5,2025,0,3.0,High,3.691874963093735,6.254598308444756,-0.6274483103655668,0.057646279044077015,75.76333333333334,9,185,5616.05
U0059,Vivaan Iyer,34.0,Female,Mumbai,2023-02-04,T000464,P025,39.41,Cash,2024-05-18,Product_025,Electronics,1408.97,272,18,5,2024,0,3.0,High,3.6990772790903823,6.2777384462878025,-0.6210590497020749,0.058180211363552656,51.112,5,242,5616.05
U0072,Myra Kulkarni,44.0,Other,Hyderabad,2022-03-17,T000734,P025,14.6,Debit Card,2025-05-08,Product_025,Electronics,1408.97,272,8,5,2025,2,3.0,High,2.747270914255491,3.82099463490856,-1.167671315430474,0.012501380859446918,72.58,5,357,5616.05
U0096,Aditya Khan,20.0,Female,Visakhapatnam,2023-02-14,T000417,P025,58.3,Net Banking,2025-02-12,Product_025,Electronics,1408.97,272,12,2,2025,3,3.0,High,4.08260930600368,7.635443667528429,-0.20487582924220138,0.09295945796663842,68.59833333333334,6,226,5616.05
U0104,Anaya Kulkarni,25.0,Female,Hyderabad,2024-01-08,T000486,P025,83.75,Net Banking,2025-09-01,Product_025,Electronics,1408.97,272,1,9,2025,3,3.0,High,4.43970574626056,9.151502608861563,0.355836873812525,0.13981662186544902,79.22,4,241,5616.05
U0109,Aarav Singh,34.0,Female,Chennai,2023-03-17,T000851,P025,37.51,UPI,2025-07-29,Product_025,Electronics,1408.97,272,29,7,2025,4,3.0,High,3.6509179478268177,6.124540799113024,-0.6629197230146084,0.054682034098022594,49.00666666666667,3,275,5616.05
U0130,Anaya Kapoor,27.0,Female,Indore,2022-03-05,T000975,P025,34.73,Net Banking,2024-05-23,Product_025,Electronics,1408.97,272,23,5,2024,3,3.0,High,3.5759906720353185,5.8932164392630275,-0.7241684976508418,0.04956364841477334,35.656,5,189,5616.05
U0133,Diya Singh,23.0,Female,Indore,2023-07-06,T000277,P025,77.16,Cash,2023-08-30,Product_025,Electronics,1408.97,272,30,8,2023,0,3.0,High,4.358758007734528,8.784076502399099,0.2106464332180005,0.12768347019184736,90.22999999999999,5,550,5616.05
U0137,Myra Reddy,25.0,Other,Vadodara,2022-01-28,T000423,P025,168.88,Debit Card,2024-05-21,Product_025,Electronics,1408.97,272,21,5,2024,2,3.0,High,5.13509230544507,12.995383795794567,2.2314153575472537,0.2965533748204882,62.848,5,584,5616.05
U0142,Kiara Khan,42.0,Male,Bhopal,2022-01-20,T000504,P025,23.45,Net Banking,2024-01-16,Product_025,Electronics,1408.97,272,16,1,2024,3,3.0,High,3.196630215920881,4.8425200051213,-0.972688705527357,0.028795522333100114,56.51,7,226,5616.05
U0146,Meera Patel,38.0,Other,Chennai,2023-04-22,T000496,P025,45.34,Wallet,2024-11-10,Product_025,Electronics,1408.97,272,10,11,2024,5,3.0,High,3.8360055190042304,6.73349834781297,-0.4904096851003251,0.06909820672386492,51.7675,4,536,5616.05
U0147,Ishaan Mehta,22.0,Male,Ghaziabad,2023-09-14,T000032,P025,62.17,Debit Card,2025-04-21,Product_025,Electronics,1408.97,272,21,4,2025,2,3.0,High,4.145829504910609,7.884795495128583,-0.11961224728456706,0.1000846927127444,56.32750000000001,12,187,5616.05
U0150,Muhammad Gupta,34.0,Other,Kolkata,2022-04-15,T000081,P025,58.45,Wallet,2025-01-30,Product_025,Electronics,1408.97,272,30,1,2025,5,3.0,High,4.085135623136791,7.6452599694189605,-0.20157103924384334,0.09323562985602238,50.943333333333335,9,271,5616.05
U0153,Diya Gupta,26.0,Other,Lucknow,2022-01-13,T000207,P025,28.77,Debit Card,2023-11-29,Product_025,Electronics,1408.97,272,29,11,2023,2,3.0,High,3.393501175027685,5.3637673327615545,-0.8554788202522631,0.0385904186765843,57.984,5,278,5616.05
U0157,Aarohi Joshi,46.0,Female,Indore,2024-04-25,T000935,P025,47.16,UPI,2023-03-01,Product_025,Electronics,1408.97,272,1,3,2023,4,3.0,High,3.8745288010005656,6.867313885355758,-0.4503115664535826,0.07244909231505688,45.112,5,314,5616.05
U0175,Muhammad Singh,34.0,Male,Kanpur,2022-07-03,T000877,P025,21.46,Cash,2024-09-03,Product_025,Electronics,1408.97,272,3,9,2024,0,3.0,High,3.111735949310297,4.632493928760188,-1.0165322528389054,0.02513164193393968,53.07333333333333,6,437,5616.05
U0181,Aditya Bose,37.0,Female,Bengaluru,2023-08-14,T000034,P025,36.93,Net Banking,2023-11-08,Product_025,Electronics,1408.97,272,8,11,2023,3,3.0,High,3.6357423557008075,6.0770058416953985,-0.6756982443415923,0.05361416945907131,48.4,4,878,5616.05
U0190,Aarav Mukherjee,19.0,Female,Ghaziabad,2023-04-27,T000509,P025,15.66,UPI,2025-01-08,Product_025,Electronics,1408.97,272,8,1,2025,4,3.0,High,2.8130106367386967,3.9572717874818757,-1.1443174661087447,0.014452995544426849,53.28399999999999,5,265,5616.05
U0010,Diya Kulkarni,36.0,Female,Delhi,2024-01-18,T000823,P026,53.81,UPI,2024-05-01,Product_026,Beauty,3490.97,332,1,5,2024,4,0.0,Very High,4.003872659058025,7.335529974037323,-0.30379920985971487,0.0846927127444121,47.78,4,390,8079.7300000000005
U0014,Sai Singh,18.0,Male,Kolkata,2024-06-06,T000626,P026,130.59,Wallet,2024-09-17,Product_026,Beauty,3490.97,332,17,9,2024,5,0.0,Very High,4.879691028162049,11.427598172844545,1.3878126306330902,0.22605589719041128,91.97200000000001,5,455,8079.7300000000005
U0016,Diya Iyer,27.0,Female,Kanpur,2022-08-03,T000096,P026,36.03,UPI,2024-01-24,Product_026,Beauty,3490.97,332,24,1,2024,4,0.0,Very High,3.6117283949255214,6.002499479383568,-0.6955269843317398,0.0519571381227676,51.365,2,262,8079.7300000000005
U0019,Aarohi Ghosh,24.0,Other,Lucknow,2024-05-13,T000159,P026,66.26,Wallet,2023-03-28,Product_026,Beauty,3490.97,332,28,3,2023,5,0.0,Very High,4.208565706312124,8.140024569987489,-0.029501639996007824,0.10761497956328017,61.866666666666674,3,405,8079.7300000000005
U0021,Ishaan Gupta,43.0,Male,Patna,2024-06-16,T000806,P026,69.14,Wallet,2023-03-13,Product_026,Beauty,3490.97,332,13,3,2023,5,0.0,Very High,4.2504932447120325,8.315046602394961,0.033950327972464056,0.11291747983945205,83.7875,4,653,8079.7300000000005
U0030,Aarohi Sharma,29.0,Other,Hyderabad,2023-11-30,T000163,P026,51.15,Credit Card,2024-10-27,Product_026,Beauty,3490.97,332,27,10,2024,1,0.0,Very High,3.9541241814467813,7.151922818375489,-0.362404152497262,0.07979526457267001,66.00111111111111,9,213,8079.7300000000005
U0057,Aarav Gupta,25.0,Male,Pune,2023-02-21,T000152,P026,132.32,Cash,2023-04-23,Product_026,Beauty,3490.97,332,23,4,2023,0,0.0,Very High,4.8927522534395385,11.503043075638724,1.425927875280818,0.22924107964797286,87.152,5,587,8079.7300000000005
U0071,Kabir Roy,34.0,Female,Bengaluru,2022-01-10,T000976,P026,46.14,UPI,2024-08-25,Product_026,Beauty,3490.97,332,25,8,2024,4,0.0,Very High,3.853121897507985,6.7926430790966785,-0.47278413844241635,0.070571123467246,73.29333333333334,9,495,8079.7300000000005
U0072,Myra Kulkarni,44.0,Other,Hyderabad,2022-03-17,T000533,P026,69.75,UPI,2023-08-22,Product_026,Beauty,3490.97,332,22,8,2023,4,0.0,Very High,4.259152536523347,8.351646544245034,0.04738980729911956,0.11404057885628013,72.58,5,357,8079.7300000000005
U0096,Aditya Khan,20.0,Female,Visakhapatnam,2023-02-14,T000483,P026,39.86,Net Banking,2024-05-13,Product_026,Beauty,3490.97,332,13,5,2024,3,0.0,Very High,3.710151589389476,6.313477647065839,-0.611144679707001,0.059008727031704525,68.59833333333334,6,226,8079.7300000000005
U0108,Saanvi Singh,33.0,Female,Vadodara,2024-05-03,T000863,P026,108.77,Net Banking,2023-03-14,Product_026,Beauty,3490.97,332,14,3,2023,3,0.0,Very High,4.698387267699225,10.42928568982555,0.9070758455386252,0.1858820930146923,63.251666666666665,6,279,8079.7300000000005
U0123,Aarohi Roy,43.0,Male,Bhopal,2023-04-06,T000113,P026,89.59,Net Banking,2023-08-10,Product_026,Beauty,3490.97,332,10,8,2023,3,0.0,Very High,4.506343831681196,9.465199416811037,0.48450336441525993,0.1505689140921309,51.17285714285715,7,400,8079.7300000000005
U0132,Aarav Chopra,32.0,Female,Bhopal,2022-01-07,T000251,P026,52.58,Cash,2025-08-27,Product_026,Beauty,3490.97,332,27,8,2025,0,0.0,Very High,3.9811758641164627,7.25120679611332,-0.33089848784624987,0.0824281032514637,52.66833333333333,6,246,8079.7300000000005
U0138,Aadhya Chopra,29.0,Other,Mumbai,2022-03-27,T000420,P026,62.45,Cash,2023-09-18,Product_026,Beauty,3490.97,332,18,9,2023,0,0.0,Very High,4.150252194160397,7.90253124005214,-0.11344330595429893,0.10060021357292778,87.76,6,187,8079.7300000000005
U0150,Muhammad Gupta,34.0,Other,Kolkata,2022-04-15,T000542,P026,25.34,Cash,2025-05-06,Product_026,Beauty,3490.97,332,6,5,2025,0,0.0,Very High,3.271088696315135,5.033885179461287,-0.9310483515480472,0.032275288139337915,50.943333333333335,9,271,8079.7300000000005
U0157,Aarohi Joshi,46.0,Female,Indore,2024-04-25,T000573,P026,79.79,Cash,2023-08-22,Product_026,Beauty,3490.97,332,22,8,2023,0,0.0,Very High,4.391853195491617,8.932524839036274,0.2685904178558762,0.13252568398571268,45.112,5,314,8079.7300000000005
U0164,Muhammad Gupta,25.0,Male,Indore,2023-05-16,T000702,P026,43.12,Credit Card,2023-05-08,Product_026,Beauty,3490.97,332,8,5,2023,1,0.0,Very High,3.786913194385302,6.566582063752802,-0.5393205770760224,0.06501086276098242,63.097142857142856,7,199,8079.7300000000005
U0192,Kabir Roy,38.0,Male,Kolkata,2024-08-04,T000648,P026,238.22,UPI,2023-04-22,Product_026,Beauty,3490.97,332,22,4,2023,4,0.0,Very High,5.477383630621318,15.43437721451695,3.7591096141215066,0.42421843355304334,121.93,4,719,8079.7300000000005
U0196,Kabir Kulkarni,35.0,Other,Patna,2024-08-01,T000326,P026,18.49,UPI,2023-04-03,Product_026,Beauty,3490.97,332,3,4,2023,4,0.0,Very High,2.9699015135194693,4.3,-1.0819670948063922,0.01966343852413742,88.99714285714286,7,252,8079.7300000000005
U0002,Sai Reddy,30.0,Other,Hyderabad,2023-11-24,T000693,P027,103.54,Credit Card,2024-04-22,Product_027,Toys,2241.45,134,22,4,2024,1,7.0,Very High,4.649569773284776,10.175460677532001,0.7918488342625462,0.17625289980483852,64.84,6,733,6015.99
U0007,Ishaan Sharma,44.0,Male,Indore,2022-12-15,T000222,P027,156.52,Credit Card,2025-03-22,Product_027,Toys,2241.45,134,22,3,2025,1,7.0,Very High,5.05955243433087,12.51079533842673,1.959100661682562,0.27379681113525056,85.938,5,193,6015.99
U0029,Sara Roy,27.0,Other,Jaipur,2024-09-21,T000816,P027,61.48,Debit Card,2023-10-31,Product_027,Toys,2241.45,134,31,10,2023,2,7.0,Very High,4.1348465055314305,7.840918313565063,-0.1348142812770136,0.0988143020215782,47.02,3,204,6015.99
U0039,Meera Gupta,21.0,Other,Ahmedabad,2022-05-12,T000349,P027,68.22,Wallet,2024-02-22,Product_027,Toys,2241.45,134,22,2,2024,5,7.0,Very High,4.237289838207198,8.259539938761723,0.013680949315868801,0.1112236255845638,51.09166666666667,6,224,6015.99
U0043,Ira Roy,31.0,Male,Kolkata,2022-08-19,T000776,P027,17.57,Net Banking,2025-02-14,Product_027,Toys,2241.45,134,14,2,2025,3,7.0,Very High,2.9215473753646144,4.191658383026938,-1.1022364734629873,0.017969584269249182,95.22,7,311,6015.99
U0045,Sai Chopra,20.0,Male,Mumbai,2022-03-14,T000377,P027,62.89,Debit Card,2023-03-16,Product_027,Toys,2241.45,134,16,3,2023,2,7.0,Very High,4.157162854614252,7.930321557162736,-0.10374925529244909,0.10141031778178737,85.19375,8,385,6015.99
U0078,Vihaan Kapoor,29.0,Male,Jaipur,2022-10-16,T000909,P027,37.55,Wallet,2023-07-26,Product_027,Toys,2241.45,134,26,7,2023,5,7.0,Very High,3.6519561000093383,6.1278054799414114,-0.662038445681713,0.05475567993519165,42.51,4,555,6015.99
U0081,Vivaan Gupta,30.0,Other,Indore,2024-04-29,T000460,P027,50.07,Credit Card,2024-03-29,Product_027,Toys,2241.45,134,29,3,2024,1,7.0,Very High,3.9331972406595526,7.076015828133795,-0.38619864048543895,0.07780682696910556,56.55666666666667,6,387,6015.99
U0097,Aarohi Nair,34.0,Male,Hyderabad,2024-06-17,T000142,P027,63.19,Net Banking,2024-11-29,Product_027,Toys,2241.45,134,29,11,2024,3,7.0,Very High,4.161847435323687,7.94921379760288,-0.09713967529573332,0.10196266156055526,85.14,6,234,6015.99
U0100,Anaya Mukherjee,30.0,Other,Visakhapatnam,2022-04-29,T000997,P027,53.96,Wallet,2024-10-02,Product_027,Toys,2241.45,134,2,10,2024,5,7.0,Very High,4.006605647914094,7.345747068882783,-0.300494419861357,0.08496888463379607,70.85625,8,243,6015.99
U0104,Anaya Kulkarni,25.0,Female,Hyderabad,2024-01-08,T000953,P027,37.21,Credit Card,2023-01-01,Product_027,Toys,2241.45,134,1,1,2023,1,7.0,Very High,3.6430972614588084,6.1,-0.6695293030113242,0.0541296903192547,79.22,4,241,6015.99
U0135,Ishaan Mukherjee,24.0,Female,Mumbai,2023-02-03,T000290,P027,92.66,Net Banking,2023-06-01,Product_027,Toys,2241.45,134,1,6,2023,3,7.0,Very High,4.539671203755396,9.626006440887103,0.5521413997149851,0.1562212320948558,58.055,8,363,6015.99
U0147,Ishaan Mehta,22.0,Male,Ghaziabad,2023-09-14,T000238,P027,23.85,Debit Card,2023-06-25,Product_027,Toys,2241.45,134,25,6,2023,2,7.0,Very High,3.2128577525426376,4.883646178829912,-0.9638759321984025,0.029531980704790663,56.32750000000001,12,187,6015.99
U0158,Saanvi Khan,35.0,Female,Kolkata,2024-04-30,T000092,P027,40.62,UPI,2023-03-09,Product_027,Toys,2241.45,134,9,3,2023,4,7.0,Very High,3.7285808209654885,6.373382147651276,-0.5944004103819877,0.06040799793791654,68.458,5,336,6015.99
U0158,Saanvi Khan,35.0,Female,Kolkata,2024-04-30,T000316,P027,85.9,Debit Card,2023-11-24,Product_027,Toys,2241.45,134,24,11,2023,2,7.0,Very High,4.464758032271346,9.268225288586807,0.40320553045565527,0.1437750856132857,68.458,5,336,6015.99
U0161,Aarav Joshi,24.0,Female,Pune,2023-05-15,T000610,P027,31.92,Net Banking,2025-07-14,Product_027,Toys,2241.45,134,14,7,2025,3,7.0,Very High,3.494080375808869,5.649778756730214,-0.7860782302867467,0.044390028353647304,59.246,5,200,6015.99
U0167,Sai Bose,38.0,Other,Kolkata,2022-11-10,T000086,P027,16.92,Credit Card,2023-10-14,Product_027,Toys,2241.45,134,14,10,2023,1,7.0,Very High,2.8859174075467844,4.113392760240627,-1.1165572301225382,0.016772839415252053,76.80250000000001,4,362,6015.99
U0170,Diya Roy,25.0,Female,Surat,2022-09-15,T000426,P027,40.18,Cash,2023-02-02,Product_027,Toys,2241.45,134,2,2,2023,0,7.0,Very High,3.717952701599643,6.338769596696191,-0.6040944610438376,0.05959789372905695,99.21571428571428,7,302,6015.99
U0197,Kabir Roy,24.0,Male,Thane,2023-12-07,T000658,P027,72.45,Net Banking,2025-04-03,Product_027,Toys,2241.45,134,3,4,2025,3,7.0,Very High,4.296604902619887,8.511756575466665,0.10687602726956211,0.11901167286519129,61.105000000000004,4,186,6015.99
U0011,Myra Kapoor,28.0,Male,Nagpur,2022-03-22,T000810,P028,39.6,Credit Card,2025-06-10,Product_028,Home,3602.11,250,10,6,2025,1,5.0,Very High,3.703768066607687,6.29285308902091,-0.6168729823708214,0.05853002909010567,53.9125,4,324,13243.42
U0023,Myra Reddy,32.0,Female,Ahmedabad,2022-09-10,T000165,P028,82.61,Credit Card,2024-05-13,Product_028,Home,3602.11,250,13,5,2024,1,5.0,Very High,4.426163130161966,9.089004345911603,0.33072046982500486,0.137717715506131,49.029999999999994,5,504,13243.42
U0031,Aarohi Khan,27.0,Other,Lucknow,2022-04-25,T000632,P028,31.46,Wallet,2023-09-28,Product_028,Home,3602.11,250,28,9,2023,5,5.0,Very High,3.480008562086445,5.608921464952063,-0.7962129196150444,0.04354310122620318,98.785,4,195,13243.42
U0043,Ira Roy,31.0,Male,Kolkata,2022-08-19,T000521,P028,65.67,UPI,2025-05-12,Product_028,Home,3602.11,250,12,5,2025,4,5.0,Very High,4.199755076629969,8.103702857336268,-0.0425004806562157,0.10652870346503662,95.22,7,311,13243.42
U0089,Kiara Kulkarni,27.0,Other,Ahmedabad,2024-08-05,T000149,P028,35.48,Credit Card,2024-08-03,Product_028,Home,3602.11,250,3,8,2024,1,5.0,Very High,3.5967641652061304,5.9565090447341715,-0.7076445476590523,0.050944507861693106,56.611428571428576,7,443,13243.42
U0090,Sai Iyer,36.0,Male,Indore,2022-01-26,T000643,P028,27.84,UPI,2023-10-14,Product_028,Home,3602.11,250,14,10,2023,4,5.0,Very High,3.3617633124167483,5.276362383309167,-0.875968518242082,0.03687815296240379,57.08,5,413,13243.42
U0104,Anaya Kulkarni,25.0,Female,Hyderabad,2024-01-08,T000887,P028,101.31,Net Banking,2025-02-24,Product_028,Home,3602.11,250,24,2,2025,3,5.0,Very High,4.6280074198908485,10.065286881157437,0.742717622953625,0.17214714438266374,79.22,4,241,13243.42
U0142,Kiara Khan,42.0,Male,Bhopal,2022-01-20,T000971,P028,86.09,Cash,2025-09-16,Product_028,Home,3602.11,250,16,9,2025,0,5.0,Very High,4.466942066704648,9.278469701410897,0.4073915977869086,0.14412490333983868,56.51,7,226,13243.42
U0147,Ishaan Mehta,22.0,Male,Ghaziabad,2023-09-14,T000727,P028,39.04,Wallet,2025-03-19,Product_028,Home,3602.11,250,19,3,2025,5,5.0,Very High,3.68987895444702,6.248199740725323,-0.6292108650313577,0.05749898736973891,56.32750000000001,12,187,13243.42
U0156,Reyansh Amin,26.0,Other,Jaipur,2023-09-23,T000785,P028,54.48,Debit Card,2023-04-20,Product_028,Home,3602.11,250,20,4,2023,2,5.0,Very High,4.016022595446631,7.381056834898374,-0.2890378145337163,0.08592628051699376,69.09,4,629,13243.42
U0158,Saanvi Khan,35.0,Female,Kolkata,2024-04-30,T000886,P028,70.67,Wallet,2025-05-29,Product_028,Home,3602.11,250,29,5,2025,5,5.0,Very High,4.272072250005828,8.406545069170807,0.06765918595571481,0.11573443311116838,68.458,5,336,13243.42
U0164,Muhammad Gupta,25.0,Male,Indore,2023-05-16,T000059,P028,71.26,Wallet,2024-05-27,Product_028,Home,3602.11,250,27,5,2024,5,5.0,Very High,4.280270725719494,8.441563836162112,0.0806580266159227,0.11682070920941193,63.097142857142856,7,199,13243.42
U0170,Diya Roy,25.0,Female,Surat,2022-09-15,T000147,P028,22.9,Net Banking,2025-06-24,Product_028,Home,3602.11,250,24,6,2025,3,5.0,Very High,3.173878458937465,4.78539444560216,-0.9848062688546694,0.027782892072025625,99.21571428571428,7,302,13243.42
U0187,Vivaan Kulkarni,35.0,Other,Hyderabad,2024-08-28,T000258,P028,29.34,Credit Card,2025-05-31,Product_028,Home,3602.11,250,31,5,2025,1,5.0,Very High,3.4124669739203863,5.416641025580336,-0.8429206182585028,0.03963987185624332,54.42714285714286,7,334,13243.42
U0192,Kabir Roy,38.0,Male,Kolkata,2024-08-04,T000156,P028,29.92,Debit Card,2023-09-22,Product_028,Home,3602.11,250,22,9,2023,2,5.0,Very High,3.4314032237192214,5.469917732470938,-0.8301420969315189,0.04070773649519461,121.93,4,719,13243.42
U0002,Sai Reddy,30.0,Other,Hyderabad,2023-11-24,T000883,P029,45.02,UPI,2024-03-04,Product_029,Clothing,128.31,289,4,3,2024,4,2.0,Low,3.82907608460722,6.709694478886502,-0.4974599037634887,0.0685090400265125,64.84,6,733,9080.87
U0005,Sara Sharma,30.0,Other,Chennai,2024-01-04,T000348,P029,48.34,UPI,2025-05-07,Product_029,Clothing,128.31,289,7,5,2025,4,2.0,Low,3.8987351111012107,6.952697318307479,-0.4243138851331668,0.07462164451154397,57.94833333333333,6,312,9080.87
U0009,Aditya Bose,28.0,Male,Kanpur,2024-05-17,T000596,P029,102.71,UPI,2024-12-14,Product_029,Clothing,128.31,289,14,12,2024,4,2.0,Low,4.641598542601643,10.134594219799823,0.7735623296049654,0.17472474868358062,60.51666666666667,3,502,9080.87
U0023,Myra Reddy,32.0,Female,Ahmedabad,2022-09-10,T000597,P029,53.32,Credit Card,2024-04-30,Product_029,Clothing,128.31,289,30,4,2024,1,2.0,Low,3.9948924832504407,7.302054505411474,-0.3145948571876841,0.0837905512390912,49.029999999999994,5,504,9080.87
U0025,Saanvi Bose,27.0,Female,Kolkata,2022-05-22,T000557,P029,73.4,Wallet,2025-07-15,Product_029,Clothing,128.31,289,15,7,2025,5,2.0,Low,4.309455941839047,8.567379996241558,0.12780636392582898,0.12076076149795631,62.24166666666667,6,210,9080.87
U0039,Meera Gupta,21.0,Other,Ahmedabad,2022-05-12,T000029,P029,35.55,Cash,2025-09-18,Product_029,Clothing,128.31,289,18,9,2025,0,2.0,Low,3.5986811861957873,5.962382074305537,-0.7061023123264852,0.051073388076738946,51.09166666666667,6,224,9080.87
U0041,Sara Mukherjee,37.0,Male,Vadodara,2024-02-13,T000309,P029,56.21,Net Banking,2025-09-18,Product_029,Clothing,128.31,289,18,9,2025,3,2.0,Low,4.046728708280438,7.4973328590906245,-0.25092256988598827,0.08911146297455536,77.558,5,224,9080.87
U0042,Muhammad Singh,33.0,Female,Kanpur,2023-03-25,T000779,P029,21.11,Credit Card,2023-03-10,Product_029,Clothing,128.31,289,10,3,2023,1,2.0,Low,3.096029994869355,4.594562003064057,-1.0242434295017404,0.024487240858710457,49.59,3,201,9080.87
U0048,Meera Das,40.0,Other,Ahmedabad,2024-01-11,T000798,P029,80.2,Credit Card,2024-06-23,Product_029,Clothing,128.31,289,23,6,2024,1,2.0,Low,4.396915247167632,8.955445270895245,0.2776235105180544,0.13328055381669549,69.612,5,246,9080.87
U0069,Ira Nair,34.0,Female,Chennai,2023-11-17,T000314,P029,31.67,Debit Card,2023-10-16,Product_029,Clothing,128.31,289,16,10,2023,2,2.0,Low,3.4864572256129787,5.6276105053566035,-0.7915862136173432,0.043929741871340716,77.01666666666667,6,900,9080.87
U0080,Ishaan Amin,18.0,Female,Jaipur,2024-07-16,T000070,P029,59.05,Credit Card,2025-01-17,Product_029,Clothing,128.31,289,17,1,2025,1,2.0,Low,4.095177548525992,7.684399781375251,-0.1883518792504118,0.09434031741355818,62.012857142857136,7,380,9080.87
U0085,Arjun Kapoor,25.0,Male,Kanpur,2023-08-20,T000527,P029,55.21,UPI,2025-05-31,Product_029,Clothing,128.31,289,31,5,2025,4,2.0,Low,4.029094677013983,7.430343195303969,-0.27295450320837433,0.087270317045329,65.51666666666667,6,294,9080.87
U0089,Kiara Kulkarni,27.0,Other,Ahmedabad,2024-08-05,T000364,P029,44.9,Wallet,2024-06-09,Product_029,Clothing,128.31,289,9,6,2024,5,2.0,Low,3.8264651170664994,6.700746227100382,-0.5001037357621752,0.06828810251500532,56.611428571428576,7,443,9080.87
U0092,Reyansh Patel,39.0,Female,Delhi,2024-05-29,T000993,P029,38.06,Credit Card,2024-04-04,Product_029,Clothing,128.31,289,4,4,2024,1,2.0,Low,3.665098925448533,6.1692787260748725,-0.650802159687296,0.05569466435909709,45.8,2,722,9080.87
U0107,Kiara Bose,47.0,Other,Pune,2023-09-23,T000906,P029,29.26,Net Banking,2023-09-11,Product_029,Clothing,128.31,289,11,9,2023,3,2.0,Low,3.40982670836021,5.409251334519409,-0.8446831729242936,0.03949258018190521,43.097142857142856,7,213,9080.87
U0111,Myra Roy,18.0,Other,Chennai,2023-06-08,T000120,P029,50.5,Debit Card,2025-04-27,Product_029,Clothing,128.31,289,27,4,2025,2,2.0,Low,3.9415818076696905,7.106335201775948,-0.37672490915681295,0.07859851971867289,43.57,3,368,9080.87
U0122,Myra Kulkarni,24.0,Other,Visakhapatnam,2023-03-13,T000109,P029,75.81,UPI,2023-08-12,Product_029,Clothing,128.31,289,12,8,2023,4,2.0,Low,4.341334840010591,8.706893820416097,0.1809033232327794,0.1251979231873918,44.423333333333325,3,401,9080.87
U0135,Ishaan Mukherjee,24.0,Female,Mumbai,2023-02-03,T000403,P029,92.0,Cash,2025-01-10,Product_029,Clothing,128.31,289,10,1,2025,0,2.0,Low,4.532599493153256,9.591663046625438,0.5376003237222103,0.15500607578156642,58.055,8,363,9080.87
U0147,Ishaan Mehta,22.0,Male,Ghaziabad,2023-09-14,T000950,P029,32.85,Credit Card,2025-10-17,Product_029,Clothing,128.31,289,17,10,2025,1,2.0,Low,3.521938999358284,5.73149195236284,-0.7655885322969276,0.04610229406782781,56.32750000000001,12,187,9080.87
U0174,Ira Kulkarni,34.0,Female,Hyderabad,2024-05-02,T000272,P029,13.72,UPI,2025-01-31,Product_029,Clothing,128.31,289,31,1,2025,4,2.0,Low,2.6892071133007303,3.704051835490427,-1.187059416754174,0.01088117244172773,50.701428571428565,7,219,9080.87
U0177,Ishaan Verma,32.0,Male,Vadodara,2022-10-27,T000263,P029,35.88,UPI,2025-07-04,Product_029,Clothing,128.31,289,4,7,2025,4,2.0,Low,3.607669398688393,5.989991652748775,-0.6988317743300977,0.051680966233383654,77.21000000000001,5,190,9080.87
U0182,Vivaan Reddy,25.0,Male,Patna,2024-08-29,T000190,P029,38.62,Net Banking,2023-11-22,Product_029,Clothing,128.31,289,22,11,2023,3,2.0,Low,3.6793340412704048,6.214499175315739,-0.6384642770267599,0.05672570607946384,59.91181818181818,11,184,9080.87
U0182,Vivaan Reddy,25.0,Male,Patna,2024-08-29,T000587,P029,90.05,Net Banking,2023-12-09,Product_029,Clothing,128.31,289,9,12,2023,3,2.0,Low,4.511408806173617,9.489467845985885,0.4946380537435574,0.15141584121957502,59.91181818181818,11,184,9080.87
U0185,Ira Bose,30.0,Female,Thane,2022-11-01,T000209,P029,58.68,Credit Card,2025-04-21,Product_029,Clothing,128.31,289,21,4,2025,1,2.0,Low,4.088996955895506,7.660287200882223,-0.1965036945796946,0.09365909341974443,72.525,4,232,9080.87
U0198,Kabir Bose,33.0,Female,Visakhapatnam,2023-07-07,T000969,P029,78.01,Net Banking,2025-10-29,Product_029,Clothing,128.31,289,29,10,2025,3,2.0,Low,4.369574426734642,8.832326986700616,0.2293735765420289,0.1292484442316898,53.71666666666667,3,183,9080.87
U0011,Myra Kapoor,28.0,Male,Nagpur,2022-03-22,T000726,P030,21.89,Credit Card,2023-12-11,Product_030,Home,685.55,28,11,12,2023,1,5.0,Medium,3.1307001339644756,4.678675026115834,-1.0070585215102794,0.025923334683507014,53.9125,4,324,13243.42
U0025,Saanvi Bose,27.0,Female,Kolkata,2022-05-22,T000719,P030,41.77,Credit Card,2023-10-14,Product_030,Home,685.55,28,14,10,2023,1,5.0,Medium,3.7558369222388173,6.46297145282261,-0.5690636870612436,0.06252531575652685,62.24166666666667,6,210,13243.42
U0030,Aarohi Sharma,29.0,Other,Hyderabad,2023-11-30,T000076,P030,72.04,Credit Card,2023-10-16,Product_030,Home,685.55,28,16,10,2023,1,5.0,Medium,4.291007236286713,8.487638069569178,0.09784293460738387,0.11825680303420849,66.00111111111111,9,213,13243.42
U0030,Aarohi Sharma,29.0,Other,Hyderabad,2023-11-30,T000665,P030,37.8,Cash,2023-04-23,Product_030,Home,685.55,28,23,4,2023,0,5.0,Medium,3.6584202466292277,6.148170459575759,-0.6565304623511165,0.055215966417498236,66.00111111111111,9,213,13243.42
U0032,Kabir Mukherjee,46.0,Male,Thane,2022-01-04,T000097,P030,93.67,Credit Card,2024-03-10,Product_030,Home,685.55,28,10,3,2024,1,5.0,Medium,4.5503971601407995,9.67832630158748,0.5743936523705951,0.15808078948337442,77.505,2,760,13243.42
U0068,Sara Gupta,40.0,Female,Patna,2023-08-02,T000922,P030,111.3,Credit Card,2023-07-24,Product_030,Home,685.55,28,24,7,2023,1,5.0,Medium,4.721173861744398,10.549881515922348,0.9628166368442621,0.19054019221563498,79.6225,4,302,13243.42
U0077,Vihaan Reddy,32.0,Female,Hyderabad,2024-06-30,T000308,P030,32.51,Credit Card,2023-05-03,Product_030,Home,685.55,28,3,5,2023,1,5.0,Medium,3.511843901749219,5.701754116059373,-0.773079389626539,0.045476304451890846,44.13833333333333,6,229,13243.42
U0077,Vihaan Reddy,32.0,Female,Hyderabad,2024-06-30,T000422,P030,72.45,Wallet,2025-05-18,Product_030,Home,685.55,28,18,5,2025,5,5.0,Medium,4.296604902619887,8.511756575466665,0.10687602726956211,0.11901167286519129,44.13833333333333,6,229,13243.42
U0079,Sara Das,32.0,Other,Lucknow,2022-07-28,T000711,P030,45.39,UPI,2023-09-03,Product_030,Home,685.55,28,3,9,2023,4,5.0,Medium,3.8370839187636525,6.737210105080589,-0.4893080884342059,0.06919026402032624,73.57,2,186,13243.42
U0087,Kabir Mehta,39.0,Male,Kanpur,2022-08-04,T000121,P030,57.87,Net Banking,2025-05-01,Product_030,Home,685.55,28,1,5,2025,3,5.0,Medium,4.07533162304017,7.6072333998635795,-0.2143495605708274,0.09216776521707108,39.2425,4,197,13243.42
U0095,Muhammad Bose,28.0,Female,Jaipur,2024-06-04,T000838,P030,22.68,Cash,2025-03-23,Product_030,Home,685.55,28,23,3,2025,0,5.0,Medium,3.164630810015805,4.762352359916263,-0.9896532941855943,0.027377839967595824,68.685,6,403,13243.42
U0100,Anaya Mukherjee,30.0,Other,Visakhapatnam,2022-04-29,T000089,P030,64.62,UPI,2025-05-08,Product_030,Home,685.55,28,8,5,2025,4,5.0,Medium,4.183880527532955,8.038656604184558,-0.06563401064472105,0.10459550023934897,70.85625,8,243,13243.42
U0113,Ira Kulkarni,32.0,Female,Bengaluru,2024-04-18,T000799,P030,38.76,UPI,2024-04-08,Product_030,Home,685.55,28,8,4,2024,4,5.0,Medium,3.6828613817883733,6.2257529665093525,-0.6353798063616258,0.05698346650955553,69.23,3,752,13243.42
U0116,Aditya Roy,34.0,Female,Patna,2022-07-19,T000292,P030,132.68,Wallet,2024-12-06,Product_030,Home,685.55,28,6,12,2024,5,5.0,Medium,4.895448884287139,11.518680479985544,1.4338593712768772,0.22990389218249435,51.33090909090909,11,304,13243.42
U0128,Arjun Reddy,27.0,Male,Nagpur,2023-12-12,T000674,P030,35.21,Cash,2025-01-07,Product_030,Home,685.55,28,7,1,2025,0,5.0,Medium,3.58933532377755,5.933801479658719,-0.7135931696560964,0.050447398460802,56.245000000000005,4,342,13243.42
U0130,Anaya Kapoor,27.0,Female,Indore,2022-03-05,T000321,P030,20.05,Debit Card,2024-03-16,Product_030,Home,685.55,28,16,3,2024,2,5.0,Medium,3.0469005601283903,4.4777226354476225,-1.0475972788234698,0.022535626173730526,35.656,5,189,13243.42
U0132,Aarav Chopra,32.0,Female,Bhopal,2022-01-07,T000319,P030,57.95,Net Banking,2024-09-23,Product_030,Home,685.55,28,23,9,2024,3,5.0,Medium,4.07668962698338,7.612489737267302,-0.2125870059050364,0.0923150568914092,52.66833333333333,6,246,13243.42
U0133,Diya Singh,23.0,Female,Indore,2023-07-06,T000336,P030,56.17,Debit Card,2023-10-14,Product_030,Home,685.55,28,14,10,2023,2,5.0,Medium,4.04602928527588,7.494664769020694,-0.25180384721888366,0.0890378171373863,90.22999999999999,5,550,13243.42
U0163,Sara Khan,41.0,Other,Mumbai,2023-06-14,T000085,P030,196.33,Wallet,2024-09-10,Product_030,Home,685.55,28,10,9,2024,5,5.0,Medium,5.284877454181334,14.011780757633913,2.8361919272467526,0.34709283057775153,109.69000000000001,7,462,13243.42
U0187,Vivaan Kulkarni,35.0,Other,Hyderabad,2024-08-28,T000536,P030,72.5,Wallet,2024-03-05,Product_030,Home,685.55,28,5,3,2024,5,5.0,Medium,4.297285406218791,8.514693182963201,0.10797762393568135,0.1191037301616526,54.42714285714286,7,334,13243.42
U0188,Muhammad Das,31.0,Female,Bengaluru,2022-06-10,T000383,P030,79.81,Wallet,2024-06-10,Product_030,Home,685.55,28,10,6,2024,5,5.0,Medium,4.392100720245356,8.93364427319557,0.2690310565223238,0.13256250690429722,60.9925,8,422,13243.42
U0018,Sai Iyer,34.0,Female,Nagpur,2022-10-04,T000178,P031,60.95,Net Banking,2024-09-12,Product_031,Grocery,3035.94,111,12,9,2024,3,4.0,Very High,4.126327608075152,7.807048097712733,-0.1464912059378781,0.09783849467908826,116.02000000000001,5,519,8427.07
U0018,Sai Iyer,34.0,Female,Nagpur,2022-10-04,T000415,P031,236.86,Credit Card,2024-08-10,Product_031,Grocery,3035.94,111,10,8,2024,1,4.0,Very High,5.4716822652990995,15.390256658028807,3.7291461848030614,0.42171447508929555,116.02000000000001,5,519,8427.07
U0020,Vivaan Ghosh,20.0,Male,Lucknow,2023-02-15,T000039,P031,36.71,UPI,2024-11-24,Product_031,Grocery,3035.94,111,24,11,2024,4,4.0,Very High,3.6299253112702656,6.058877783880444,-0.6805452696725173,0.053209117354641525,71.65,4,390,8427.07
U0024,Aarohi Kapoor,20.0,Female,Patna,2023-03-15,T000006,P031,31.1,UPI,2025-04-16,Product_031,Grocery,3035.94,111,16,4,2025,4,4.0,Very High,3.4688560301359703,5.576737397439475,-0.8041444156111033,0.0428802886916817,61.71545454545455,11,270,8427.07
U0036,Ira Sharma,22.0,Other,Lucknow,2023-05-16,T000389,P031,89.86,UPI,2024-05-23,Product_031,Grocery,3035.94,111,23,5,2024,4,4.0,Very High,4.509319860331257,9.479451460923253,0.4904519864123041,0.15106602349302203,38.962,5,245,8427.07
U0046,Vivaan Ghosh,26.0,Male,Delhi,2024-05-30,T000841,P031,149.96,Cash,2024-12-17,Product_031,Grocery,3035.94,111,17,12,2024,0,4.0,Very High,5.0170149010602945,12.245815611873306,1.814571179087709,0.2617188938395257,131.065,4,204,8427.07
U0066,Aditya Ghosh,42.0,Female,Hyderabad,2024-08-22,T000075,P031,30.3,UPI,2024-11-24,Product_031,Grocery,3035.94,111,24,11,2024,4,4.0,Very High,3.4436180975461075,5.504543577809154,-0.8217699622690122,0.04140737194830062,41.803333333333335,3,211,8427.07
U0077,Vihaan Reddy,32.0,Female,Hyderabad,2024-06-30,T000522,P031,19.57,Credit Card,2025-01-09,Product_031,Grocery,3035.94,111,9,1,2025,1,4.0,Very High,3.0238337036648657,4.4237992721189325,-1.0581726068182151,0.021651876127701877,44.13833333333333,6,229,8427.07
U0100,Anaya Mukherjee,30.0,Other,Visakhapatnam,2022-04-29,T000240,P031,52.81,Credit Card,2025-03-03,Product_031,Grocery,3035.94,111,3,3,2025,1,4.0,Very High,3.9854593235013285,7.267048919609665,-0.325831143182101,0.08285156681518577,70.85625,8,243,8427.07
U0107,Kiara Bose,47.0,Other,Pune,2023-09-23,T000023,P031,82.41,Net Banking,2024-05-14,Product_031,Grocery,3035.94,111,14,5,2024,3,4.0,Very High,4.42376820625352,9.077995373429092,0.32631408316052757,0.1373494863202857,43.097142857142856,7,213,8427.07
U0134,Aarohi Kulkarni,35.0,Male,Bhopal,2022-08-13,T000556,P031,264.92,UPI,2025-09-02,Product_031,Grocery,3035.94,111,2,9,2025,4,4.0,Very High,5.583195511667084,16.27636323015679,4.347362233829216,0.4733770298633869,169.215,2,240,8427.07
U0135,Ishaan Mukherjee,24.0,Female,Mumbai,2023-02-03,T000753,P031,25.77,Credit Card,2024-11-10,Product_031,Grocery,3035.94,111,10,11,2024,1,4.0,Very High,3.2872818575322613,5.076416058598822,-0.9215746202194214,0.03306698088890525,58.055,8,363,8427.07
U0141,Anaya Nair,33.0,Female,Jaipur,2024-02-10,T000733,P031,22.9,Credit Card,2023-06-29,Product_031,Grocery,3035.94,111,29,6,2023,1,4.0,Very High,3.173878458937465,4.78539444560216,-0.9848062688546694,0.027782892072025625,54.653333333333336,9,227,8427.07
U0153,Diya Gupta,26.0,Other,Lucknow,2022-01-13,T000343,P031,75.03,UPI,2024-04-11,Product_031,Grocery,3035.94,111,11,4,2024,4,4.0,Very High,4.331127999240345,8.661985915481507,0.16371841524131822,0.12376182936259525,57.984,5,278,8427.07
U0157,Aarohi Joshi,46.0,Female,Indore,2024-04-25,T000356,P031,42.64,Debit Card,2024-05-19,Product_031,Grocery,3035.94,111,19,5,2024,2,4.0,Very High,3.77597416096487,6.529931086925803,-0.5498959050707677,0.06412711271495378,45.112,5,314,8427.07
U0170,Diya Roy,25.0,Female,Surat,2022-09-15,T000353,P031,110.02,Cash,2025-02-10,Product_031,Grocery,3035.94,111,10,2,2025,0,4.0,Very High,4.709710365262016,10.489041900955492,0.9346157621916078,0.18818352542622524,99.21571428571428,7,302,8427.07
U0179,Kabir Joshi,29.0,Female,Thane,2022-12-15,T000247,P031,68.03,Wallet,2024-01-09,Product_031,Grocery,3035.94,111,9,1,2024,5,4.0,Very High,4.234541192715384,8.248030067840443,0.00949488198461549,0.11087380785801082,63.556,5,797,8427.07
U0192,Kabir Roy,38.0,Male,Kolkata,2024-08-04,T000365,P031,112.25,Debit Card,2024-02-18,Product_031,Grocery,3035.94,111,18,2,2024,2,4.0,Very High,4.7295977643631435,10.594810050208546,0.983746973500529,0.1922892808484,121.93,4,719,8427.07
U0196,Kabir Kulkarni,35.0,Other,Patna,2024-08-01,T000654,P031,111.43,Credit Card,2023-02-04,Product_031,Grocery,3035.94,111,4,2,2023,1,4.0,Very High,4.722330805761668,10.556040924513319,0.9656807881761725,0.19077954118643442,88.99714285714286,7,252,8427.07
U0015,Vihaan Bose,18.0,Female,Thane,2023-10-13,T000675,P032,53.52,Cash,2023-12-08,Product_032,Books,2913.02,176,8,12,2023,0,1.0,Very High,3.998567606828332,7.315736463268753,-0.3101884705232068,0.08415878042493648,88.21000000000001,5,326,12529.84
U0022,Anaya Das,30.0,Other,Bhopal,2023-02-10,T000488,P032,43.6,Net Banking,2024-11-09,Product_032,Books,2913.02,176,9,11,2024,3,1.0,Very High,3.7977338590260183,6.603029607687671,-0.528745249081277,0.06589461280701107,65.67,5,368,12529.84
U0035,Muhammad Reddy,38.0,Female,Pune,2023-07-07,T000970,P032,91.11,Credit Card,2023-04-10,Product_032,Books,2913.02,176,10,4,2023,1,1.0,Very High,4.522983515000144,9.54515583948214,0.5179919030652868,0.15336745590455497,51.217999999999996,5,278,12529.84
U0062,Muhammad Verma,30.0,Other,Vadodara,2022-03-04,T000649,P032,37.24,Net Banking,2023-08-19,Product_032,Books,2913.02,176,19,8,2023,3,1.0,Very High,3.643882088183201,6.102458520956943,-0.6688683450116526,0.05418492469713149,68.21714285714286,7,302,12529.84
U0062,Muhammad Verma,30.0,Other,Vadodara,2022-03-04,T000650,P032,39.7,Wallet,2023-05-26,Product_032,Books,2913.02,176,26,5,2023,5,1.0,Very High,3.7062280924485496,6.300793600809346,-0.6146697890385828,0.05871414368302831,68.21714285714286,7,302,12529.84
U0069,Ira Nair,34.0,Female,Chennai,2023-11-17,T000520,P032,52.76,Debit Card,2023-05-10,Product_032,Books,2913.02,176,10,5,2023,2,1.0,Very High,3.984529696214894,7.263607918933951,-0.32693273984822036,0.08275950951872443,77.01666666666667,6,900,12529.84
U0073,Aarohi Das,31.0,Other,Jaipur,2022-05-16,T000323,P032,36.69,Cash,2025-08-21,Product_032,Books,2913.02,176,21,8,2025,0,1.0,Very High,3.629394807279044,6.057227088363123,-0.6809859083389651,0.05317229443605699,84.952,5,196,12529.84
U0102,Kiara Sharma,28.0,Other,Vadodara,2023-12-05,T000378,P032,86.71,Debit Card,2024-08-15,Product_032,Books,2913.02,176,15,8,2024,2,1.0,Very High,4.47403591796329,9.311820445004296,0.42105139644678774,0.145266413815959,82.49285714285715,7,437,12529.84
U0116,Aditya Roy,34.0,Female,Patna,2022-07-19,T000503,P032,35.78,Debit Card,2024-12-29,Product_032,Books,2913.02,176,29,12,2024,2,1.0,Very High,3.604954219176175,5.981638571495273,-0.7010349676623363,0.051496851640461014,51.33090909090909,11,304,12529.84
U0117,Aadhya Joshi,31.0,Female,Kolkata,2022-06-01,T000613,P032,130.08,UPI,2023-01-06,Product_032,Books,2913.02,176,6,1,2023,4,1.0,Very High,4.8758078238306135,11.405261943506602,1.3765763446386734,0.22511691276650586,102.84153846153846,13,236,12529.84
U0121,Ira Kapoor,38.0,Other,Lucknow,2024-08-30,T000795,P032,29.93,Wallet,2024-06-26,Product_032,Books,2913.02,176,26,6,2024,5,1.0,Very High,3.4317265866969784,5.470831746635972,-0.8299217775982951,0.04072614795448687,54.67714285714286,7,255,12529.84
U0121,Ira Kapoor,38.0,Other,Lucknow,2024-08-30,T000945,P032,49.21,Debit Card,2023-06-03,Product_032,Books,2913.02,176,3,6,2023,2,1.0,Very High,3.916214210046614,7.014983962918233,-0.405146103142691,0.0762234414699709,54.67714285714286,7,255,12529.84
U0145,Aarav Kulkarni,34.0,Male,Kolkata,2022-05-10,T000619,P032,57.36,UPI,2023-04-10,Product_032,Books,2913.02,176,10,4,2023,4,1.0,Very High,4.066630723654585,7.573638491504595,-0.22558584656524427,0.09122878079316565,67.94875,8,397,12529.84
U0164,Muhammad Gupta,25.0,Male,Indore,2023-05-16,T000761,P032,80.29,Wallet,2024-10-11,Product_032,Books,2913.02,176,11,10,2024,5,1.0,Very High,4.398023007758481,8.960468737739115,0.2796063845170692,0.13344625695032586,63.097142857142856,7,199,12529.84
U0168,Saanvi Mehta,47.0,Female,Vadodara,2023-06-28,T000862,P032,9.88,UPI,2024-06-15,Product_032,Books,2913.02,176,15,6,2024,4,1.0,Very High,2.3869262414277967,3.1432467291003423,-1.2716620407121364,0.003811172073498544,51.00599999999999,5,684,12529.84
U0169,Diya Mukherjee,30.0,Other,Vadodara,2022-12-05,T000475,P032,23.46,Credit Card,2023-01-14,Product_032,Books,2913.02,176,14,1,2023,1,1.0,Very High,3.1970391302590264,4.843552415324934,-0.9724683861941331,0.02881393379239238,71.0775,4,349,12529.84
U0179,Kabir Joshi,29.0,Female,Thane,2022-12-15,T000017,P032,34.34,Credit Card,2023-03-01,Product_032,Books,2913.02,176,1,3,2023,1,1.0,Very High,3.5650154668915506,5.860034129593445,-0.7327609516465723,0.048845601502375074,63.556,5,797,12529.84
U0193,Ishaan Chopra,33.0,Other,Chennai,2023-03-12,T000946,P032,55.11,UPI,2024-05-08,Product_032,Books,2913.02,176,8,5,2024,4,1.0,Very High,4.0273140497628805,7.423610981186986,-0.275157696540613,0.08708620245240636,70.998,5,429,12529.84
U0024,Aarohi Kapoor,20.0,Female,Patna,2023-03-15,T000408,P033,25.87,Net Banking,2023-04-24,Product_033,Clothing,3874.48,45,24,4,2023,3,2.0,Very High,3.2910104226273997,5.086255990411808,-0.9193714268871825,0.033251095481827884,61.71545454545455,11,270,9080.87
U0035,Muhammad Reddy,38.0,Female,Pune,2023-07-07,T000381,P033,66.89,Net Banking,2024-07-12,Product_033,Clothing,3874.48,45,12,7,2024,3,2.0,Very High,4.217888748313555,8.178630692236935,-0.015621522002904679,0.10877490149869277,51.217999999999996,5,278,9080.87
U0061,Aarohi Joshi,28.0,Male,Chennai,2022-10-31,T000995,P033,20.99,Wallet,2024-08-12,Product_033,Clothing,3874.48,45,12,8,2024,5,2.0,Very High,3.09058780456667,4.581484475582123,-1.026887261500427,0.02426630334720329,86.66,7,306,9080.87
U0093,Meera Ghosh,26.0,Male,Thane,2022-12-25,T000285,P033,34.68,Debit Card,2023-09-06,Product_033,Clothing,3874.48,45,6,9,2023,2,2.0,Very High,3.5745903077118086,5.888972745734183,-0.7252700943169611,0.04947159111831202,39.01666666666667,3,654,9080.87
U0099,Vihaan Kulkarni,32.0,Female,Kanpur,2024-01-17,T000329,P033,63.81,Net Banking,2024-07-26,Product_033,Clothing,3874.48,45,26,7,2024,3,2.0,Very High,4.171459912439625,7.988116173416609,-0.08347987663585384,0.10310417203667561,70.554,5,247,9080.87
U0106,Aadhya Singh,35.0,Other,Ahmedabad,2022-07-16,T000350,P033,38.0,Cash,2025-08-23,Product_033,Clothing,3874.48,45,23,8,2025,0,2.0,Very High,3.6635616461296463,6.164414002968976,-0.6521240756866392,0.05558419560334352,40.444,5,248,9080.87
U0110,Saanvi Kulkarni,31.0,Other,Lucknow,2023-04-22,T000387,P033,41.45,UPI,2023-06-27,Product_033,Clothing,3874.48,45,27,6,2023,4,2.0,Very High,3.7483269127573564,6.438167441127949,-0.5761139057244071,0.061936149059174425,59.848,5,232,9080.87
U0116,Aditya Roy,34.0,Female,Patna,2022-07-19,T000110,P033,48.36,Debit Card,2023-03-30,Product_033,Clothing,3874.48,45,30,3,2023,2,2.0,Very High,3.8991403795971324,6.954135460285484,-0.4238732464667192,0.0746584674301285,51.33090909090909,11,304,9080.87
U0116,Aditya Roy,34.0,Female,Patna,2022-07-19,T000220,P033,56.86,Debit Card,2025-06-14,Product_033,Clothing,3874.48,45,14,6,2025,2,2.0,Very High,4.058026299547989,7.5405570086035425,-0.2366018132264373,0.09030820782855248,51.33090909090909,11,304,9080.87
U0117,Aadhya Joshi,31.0,Female,Kolkata,2022-06-01,T000118,P033,45.32,Cash,2025-05-31,Product_033,Clothing,3874.48,45,31,5,2025,0,2.0,Very High,3.83557383326474,6.732013071882734,-0.49085032376677296,0.0690613838052804,102.84153846153846,13,236,9080.87
U0136,Anaya Bose,44.0,Other,Pune,2024-05-10,T000074,P033,54.93,UPI,2023-12-03,Product_033,Clothing,3874.48,45,3,12,2023,4,2.0,Very High,4.024100908833496,7.4114775854751125,-0.2791234445386425,0.08675479618514562,69.52000000000001,5,420,9080.87
U0141,Anaya Nair,33.0,Female,Jaipur,2024-02-10,T000405,P033,69.97,Debit Card,2023-11-03,Product_033,Clothing,3874.48,45,3,11,2023,2,2.0,Very High,4.262257252536892,8.364807230295268,0.05223683263004448,0.11444563096070992,54.653333333333336,9,227,9080.87
U0144,Aditya Verma,33.0,Male,Kolkata,2022-07-24,T000585,P033,76.39,Wallet,2025-10-10,Product_033,Clothing,3874.48,45,10,10,2025,5,2.0,Very High,4.348857573282368,8.740137298692739,0.1936818445597633,0.1262657878263431,57.815,2,202,9080.87
U0151,Kabir Kulkarni,34.0,Male,Patna,2024-03-12,T000901,P033,99.37,Debit Card,2023-09-10,Product_033,Clothing,3874.48,45,10,9,2023,2,2.0,Very High,4.608863357825709,9.96845023060255,0.699975672308196,0.16857532127996464,71.11875,8,400,9080.87
U0162,Muhammad Mehta,38.0,Female,Lucknow,2022-10-14,T000235,P033,134.48,Cash,2024-05-10,Product_033,Clothing,3874.48,45,10,5,2024,0,2.0,Very High,4.908824027949571,11.59655121145938,1.473516851257172,0.23321795485510174,51.166666666666664,6,432,9080.87
U0182,Vivaan Reddy,25.0,Male,Patna,2024-08-29,T000833,P033,69.38,Net Banking,2023-10-05,Product_033,Clothing,3874.48,45,5,10,2023,3,2.0,Very High,4.253909131893439,8.32946576918352,0.03923799196983661,0.11335935486246637,59.91181818181818,11,184,9080.87
U0005,Sara Sharma,30.0,Other,Chennai,2024-01-04,T000477,P034,28.04,Wallet,2024-07-16,Product_034,Books,474.01,362,16,7,2024,5,1.0,Low,3.3686741899565953,5.295280917949491,-0.8715621315776049,0.03724638214824906,57.94833333333333,6,312,12529.84
U0018,Sai Iyer,34.0,Female,Nagpur,2022-10-04,T000637,P034,138.42,Cash,2023-01-18,Product_034,Books,474.01,362,18,1,2023,0,1.0,Low,4.937490960058253,11.765202930676546,1.560322668547373,0.24047206981625358,116.02000000000001,5,519,12529.84
U0026,Ira Joshi,32.0,Male,Delhi,2024-05-31,T000037,P034,16.2,Net Banking,2023-02-01,Product_034,Books,474.01,362,1,2,2023,3,1.0,Low,2.8449093838194073,4.024922359499621,-1.1324202221146562,0.015447214346209074,41.928,5,775,12529.84
U0044,Aditya Nair,29.0,Male,Patna,2023-07-22,T000345,P034,12.39,Wallet,2025-02-17,Product_034,Books,474.01,362,17,2,2025,5,1.0,Low,2.5945081597030812,3.5199431813596083,-1.2163618880729472,0.008432448355856685,73.16857142857144,7,215,12529.84
U0053,Anaya Patel,26.0,Male,Chennai,2022-07-14,T000647,P034,64.94,Cash,2024-01-22,Product_034,Books,474.01,362,22,1,2024,0,1.0,Low,4.188745237643585,8.058535847162311,-0.058583791981557644,0.10518466693670138,52.748000000000005,5,356,12529.84
U0053,Anaya Patel,26.0,Male,Chennai,2022-07-14,T000697,P034,49.39,Debit Card,2025-05-09,Product_034,Books,474.01,362,9,5,2025,2,1.0,Low,3.9197927426925068,7.02780193232564,-0.4011803551446615,0.07655484773723165,52.748000000000005,5,356,12529.84
U0071,Kabir Roy,34.0,Female,Bengaluru,2022-01-10,T000814,P034,36.11,Net Banking,2023-01-26,Product_034,Books,474.01,362,26,1,2023,3,1.0,Low,3.613886475072506,6.009159675029446,-0.693764429665949,0.05210442979710571,73.29333333333334,9,495,12529.84
U0089,Kiara Kulkarni,27.0,Other,Ahmedabad,2024-08-05,T000669,P034,81.05,Cash,2024-06-14,Product_034,Books,474.01,362,14,6,2024,0,1.0,Low,4.4073288175361,9.002777349240622,0.2963506538420825,0.1348455278565379,56.611428571428576,7,443,12529.84
U0095,Muhammad Bose,28.0,Female,Jaipur,2024-06-04,T000257,P034,51.2,UPI,2023-06-19,Product_034,Books,474.01,362,19,6,2023,4,1.0,Low,3.955082494888593,7.155417527999327,-0.36130255583114257,0.07988732186913133,68.685,6,403,12529.84
U0100,Anaya Mukherjee,30.0,Other,Visakhapatnam,2022-04-29,T000804,P034,37.03,Net Banking,2025-08-30,Product_034,Books,474.01,362,30,8,2025,3,1.0,Low,3.638375321940168,6.085228015448559,-0.6734950510093537,0.05379828405199395,70.85625,8,243,12529.84
U0129,Arjun Das,32.0,Male,Indore,2023-02-22,T000215,P034,66.65,Net Banking,2023-11-28,Product_034,Books,474.01,362,28,11,2023,3,1.0,Low,4.214347354616797,8.163945124754331,-0.020909186000277233,0.10833302647567845,62.84571428571429,7,425,12529.84
U0141,Anaya Nair,33.0,Female,Jaipur,2024-02-10,T000961,P034,12.19,UPI,2023-08-06,Product_034,Books,474.01,362,6,8,2023,4,1.0,Low,2.579458966729223,3.491418050019218,-1.2207682747374247,0.00806421917001141,54.653333333333336,9,227,12529.84
U0147,Ishaan Mehta,22.0,Male,Ghaziabad,2023-09-14,T000518,P034,59.75,Debit Card,2025-02-18,Product_034,Books,474.01,362,18,2,2025,2,1.0,Low,4.1067670822206574,7.729812416870153,-0.17292952592474148,0.09562911956401662,56.32750000000001,12,187,12529.84
U0170,Diya Roy,25.0,Female,Surat,2022-09-15,T000910,P034,172.16,UPI,2023-10-08,Product_034,Books,474.01,362,8,10,2023,4,1.0,Low,5.15421602257378,13.12097557348538,2.3036800988446804,0.3025923334683506,99.21571428571428,7,302,12529.84
U0174,Ira Kulkarni,34.0,Female,Hyderabad,2024-05-02,T000853,P034,73.44,Cash,2025-03-24,Product_034,Books,474.01,362,24,3,2025,0,1.0,Low,4.30999343177405,8.56971411425142,0.12868764125872423,0.12083440733512535,50.701428571428565,7,219,12529.84
U0187,Vivaan Kulkarni,35.0,Other,Hyderabad,2024-08-28,T000896,P034,52.02,Cash,2024-11-22,Product_034,Books,474.01,362,22,11,2024,0,1.0,Low,3.9706692008608795,7.212489168102785,-0.34323637050678596,0.08139706153109695,54.42714285714286,7,334,12529.84
U0194,Vihaan Kapoor,22.0,Male,Ahmedabad,2024-07-19,T000890,P034,48.53,Debit Card,2023-02-06,Product_034,Books,474.01,362,6,2,2023,2,1.0,Low,3.902578546600146,6.966347680097513,-0.42012781780191355,0.07497146223809698,54.48199999999999,5,402,12529.84
U0195,Ishaan Reddy,33.0,Male,Delhi,2022-06-19,T000831,P034,46.79,UPI,2023-04-26,Product_034,Books,474.01,362,26,4,2023,4,1.0,Low,3.866816412590067,6.840321629865075,-0.4584633817828654,0.07176786832124313,94.738,5,456,12529.84
U0200,Kiara Nair,22.0,Other,Jaipur,2022-01-27,T000834,P034,80.5,Cash,2023-03-01,Product_034,Books,474.01,362,1,3,2023,0,1.0,Low,4.400603020246817,8.972179222463181,0.2842330905147702,0.13383289759546338,57.14833333333333,6,249,12529.84
U0017,Ishaan Gupta,23.0,Other,Pune,2023-07-01,T000616,P035,22.39,Net Banking,2024-03-22,Product_035,Sports,2998.97,82,22,3,2024,3,6.0,Very High,3.1523085805960878,4.731807265728392,-0.9960425548490863,0.02684390764812019,73.136,5,235,4606.07
U0048,Meera Das,40.0,Other,Ahmedabad,2024-01-11,T000469,P035,11.13,Wallet,2023-05-01,Product_035,Sports,2998.97,82,1,5,2023,5,6.0,Very High,2.495681722955959,3.3361654635224554,-1.2441221240591538,0.006112604485031483,69.612,5,246,4606.07
U0060,Ishaan Roy,39.0,Female,Indore,2023-12-15,T000212,P035,27.8,Debit Card,2024-09-25,Product_035,Sports,2998.97,82,25,9,2024,2,6.0,Very High,3.3603753871419,5.272570530585627,-0.8768497955749776,0.03680450712523474,47.62,2,582,4606.07
U0069,Ira Nair,34.0,Female,Chennai,2023-11-17,T000744,P035,51.44,Wallet,2023-04-25,Product_035,Sports,2998.97,82,25,4,2023,5,6.0,Very High,3.959669658895499,7.172168430816443,-0.35601489183377005,0.08032919689214565,77.01666666666667,6,900,4606.07
U0074,Diya Gupta,44.0,Male,Kanpur,2022-10-19,T000324,P035,76.89,Credit Card,2023-08-09,Product_035,Sports,2998.97,82,9,8,2023,1,6.0,Very High,4.355297574931857,8.768694315575154,0.20469781122095634,0.12718636079095627,60.69333333333333,6,438,4606.07
U0090,Sai Iyer,36.0,Male,Indore,2022-01-26,T000777,P035,41.62,Net Banking,2023-07-27,Product_035,Sports,2998.97,82,27,7,2023,3,6.0,Very High,3.752323626670471,6.4513564465157245,-0.5723684770596016,0.06224914386714289,57.08,5,413,4606.07
U0094,Kabir Ghosh,29.0,Male,Mumbai,2023-11-07,T000653,P035,37.25,Wallet,2023-12-20,Product_035,Sports,2998.97,82,20,12,2023,5,6.0,Very High,3.644143560272545,6.103277807866851,-0.6686480256784288,0.054203336156423754,63.004,5,278,4606.07
U0098,Ishaan Iyer,34.0,Other,Jaipur,2022-02-09,T000157,P035,54.0,Wallet,2024-04-16,Product_035,Sports,2998.97,82,16,4,2024,5,6.0,Very High,4.007333185232471,7.3484692283495345,-0.29961314252846155,0.08504253047096512,66.34666666666668,3,612,4606.07
U0127,Ishaan Nair,24.0,Female,Vadodara,2022-03-24,T000750,P035,63.18,UPI,2023-12-26,Product_035,Sports,2998.97,82,26,12,2023,4,6.0,Very High,4.161691635681711,7.948584779695062,-0.09735999462895714,0.10194425010126301,130.4,2,187,4606.07
U0161,Aarav Joshi,24.0,Female,Pune,2023-05-15,T000306,P035,40.76,UPI,2024-09-10,Product_035,Sports,2998.97,82,10,9,2024,4,6.0,Very High,3.731938943574383,6.384355879804947,-0.5913159397168536,0.060665758368008235,59.246,5,200,4606.07
U0162,Muhammad Mehta,38.0,Female,Lucknow,2022-10-14,T000736,P035,40.4,Credit Card,2025-02-22,Product_035,Sports,2998.97,82,22,2,2025,1,6.0,Very High,3.7232808808312687,6.356099432828281,-0.5992474357129126,0.060002945833486754,51.166666666666664,6,432,4606.07
U0169,Diya Mukherjee,30.0,Other,Vadodara,2022-12-05,T000012,P035,107.91,Net Banking,2025-04-26,Product_035,Sports,2998.97,82,26,4,2025,3,6.0,Very High,4.690521853087595,10.38797381590847,0.8881283828813732,0.18429870751555763,71.0775,4,349,4606.07
U0174,Ira Kulkarni,34.0,Female,Hyderabad,2024-05-02,T000057,P035,116.76,Debit Card,2023-06-01,Product_035,Sports,2998.97,82,1,6,2023,2,6.0,Very High,4.7686486549805664,10.80555412739208,1.0831109927844904,0.20059284898921087,50.701428571428565,7,219,4606.07
U0176,Kabir Sharma,38.0,Other,Vadodara,2022-05-10,T000866,P035,27.89,Wallet,2025-09-01,Product_035,Sports,2998.97,82,1,9,2025,5,6.0,Very High,3.363495514478144,5.281098370604358,-0.8748669215759627,0.03697021025886511,56.64,5,226,4606.07
U0188,Muhammad Das,31.0,Female,Bengaluru,2022-06-10,T000692,P035,74.02,Debit Card,2023-11-05,Product_035,Sports,2998.97,82,5,11,2023,2,6.0,Very High,4.317754744653741,8.603487664894976,0.14146616258570813,0.12190227197407663,60.9925,8,422,4606.07
U0194,Vihaan Kapoor,22.0,Male,Ahmedabad,2024-07-19,T000401,P035,85.99,Wallet,2024-03-23,Product_035,Sports,2998.97,82,23,3,2024,5,6.0,Very High,4.46579316951945,9.273079315955407,0.40518840445466975,0.14394078874691604,54.48199999999999,5,402,4606.07
U0023,Myra Reddy,32.0,Female,Ahmedabad,2022-09-10,T000688,P036,44.01,Net Banking,2023-01-17,Product_036,Sports,1650.69,388,17,1,2023,3,6.0,Very High,3.806884687304841,6.634003316248794,-0.5197121564190987,0.06664948263799388,49.029999999999994,5,504,4606.07
U0034,Vihaan Singh,23.0,Other,Visakhapatnam,2023-09-16,T000127,P036,109.38,Credit Card,2024-11-06,Product_036,Sports,1650.69,388,6,11,2024,1,6.0,Very High,4.703928958011355,10.458489374665922,0.9205153248652808,0.18700519203152038,75.76333333333334,9,185,4606.07
U0039,Meera Gupta,21.0,Other,Ahmedabad,2022-05-12,T000943,P036,49.9,Cash,2023-04-22,Product_036,Sports,1650.69,388,22,4,2023,0,6.0,Very High,3.929862923556477,7.063993204979744,-0.3899440691502446,0.07749383216113707,51.09166666666667,6,224,4606.07
U0064,Ira Amin,22.0,Male,Delhi,2024-09-10,T000645,P036,60.33,Cash,2024-08-06,Product_036,Sports,1650.69,388,6,8,2024,0,6.0,Very High,4.116269119637892,7.767238891652554,-0.16015100459775758,0.0966969842029679,69.78285714285714,7,411,4606.07
U0072,Myra Kulkarni,44.0,Other,Hyderabad,2022-03-17,T000357,P036,40.75,UPI,2024-04-05,Product_036,Sports,1650.69,388,5,4,2024,4,6.0,Very High,3.7316994512968646,6.383572667401852,-0.5915362590500775,0.06064734690871597,72.58,5,357,4606.07
U0080,Ishaan Amin,18.0,Female,Jaipur,2024-07-16,T000019,P036,40.8,Credit Card,2025-04-15,Product_036,Sports,1650.69,388,15,4,2025,1,6.0,Very High,3.7328963395307104,6.387487769068525,-0.5904346623839581,0.06073940420517729,62.012857142857136,7,380,4606.07
U0080,Ishaan Amin,18.0,Female,Jaipur,2024-07-16,T000199,P036,50.97,Net Banking,2024-11-03,Product_036,Sports,1650.69,388,3,11,2024,3,6.0,Very High,3.9506666290203505,7.139327699440614,-0.3663699004952915,0.07946385830540927,62.012857142857136,7,380,4606.07
U0087,Kabir Mehta,39.0,Male,Kanpur,2022-08-04,T000332,P036,20.15,UPI,2023-10-23,Product_036,Sports,1650.69,388,23,10,2023,4,6.0,Very High,3.0516399054922867,4.488875137492688,-1.0453940854912311,0.02271974076665316,39.2425,4,197,4606.07
U0093,Meera Ghosh,26.0,Male,Thane,2022-12-25,T000328,P036,56.2,UPI,2023-05-31,Product_036,Sports,1650.69,388,31,5,2023,4,6.0,Very High,4.046553898385752,7.496665925596525,-0.2511428892192121,0.08909305151526309,39.01666666666667,3,654,4606.07
U0100,Anaya Mukherjee,30.0,Other,Visakhapatnam,2022-04-29,T000813,P036,189.65,Net Banking,2024-10-29,Product_036,Sports,1650.69,388,29,10,2024,3,6.0,Very High,5.250439286303573,13.771347065556078,2.6890186126532134,0.3347939757705195,70.85625,8,243,4606.07
U0107,Kiara Bose,47.0,Other,Pune,2023-09-23,T000444,P036,22.16,Cash,2023-10-02,Product_036,Sports,1650.69,388,2,10,2023,0,6.0,Very High,3.1424266527047946,4.707440918375928,-1.0011098995132353,0.02642044408439813,43.097142857142856,7,213,4606.07
U0110,Saanvi Kulkarni,31.0,Other,Lucknow,2023-04-22,T000135,P036,98.01,Cash,2023-02-23,Product_036,Sports,1650.69,388,23,2,2023,0,6.0,Very High,4.595220855134423,9.9,0.6700122429897509,0.1660713628162168,59.848,5,232,4606.07
U0115,Aarav Verma,30.0,Male,Bhopal,2023-09-18,T000513,P036,39.37,Cash,2025-04-15,Product_036,Sports,1650.69,388,15,4,2025,0,6.0,Very High,3.6980869348648495,6.274551776820397,-0.6219403270349703,0.0581065655263836,44.77333333333333,6,197,4606.07
U0116,Aditya Roy,34.0,Female,Patna,2022-07-19,T000718,P036,61.07,Wallet,2024-05-26,Product_036,Sports,1650.69,388,26,5,2024,5,6.0,Very High,4.128262780425561,7.814729681825213,-0.1438473739391918,0.09805943219059542,51.33090909090909,11,304,4606.07
U0117,Aadhya Joshi,31.0,Female,Kolkata,2022-06-01,T000024,P036,20.75,Debit Card,2025-02-24,Product_036,Sports,1650.69,388,24,2,2025,2,6.0,Very High,3.079613757534693,4.55521678957215,-1.0321749254977994,0.02382442832418897,102.84153846153846,13,236,4606.07
U0120,Vihaan Roy,38.0,Male,Thane,2023-11-15,T000288,P036,28.53,Debit Card,2023-06-26,Product_036,Sports,1650.69,388,26,6,2023,2,6.0,Very High,3.3854066957558313,5.341348144429457,-0.8607664842496356,0.038148543653569976,60.0675,4,254,4606.07
U0128,Arjun Reddy,27.0,Male,Nagpur,2023-12-12,T000465,P036,35.6,Wallet,2024-11-22,Product_036,Sports,1650.69,388,22,11,2024,5,6.0,Very High,3.6000482404073204,5.966573556070519,-0.7050007156603658,0.05116544537320028,56.245000000000005,4,342,4606.07
U0129,Arjun Das,32.0,Male,Indore,2023-02-22,T000158,P036,45.92,Wallet,2024-12-26,Product_036,Sports,1650.69,388,26,12,2024,5,6.0,Very High,3.848444023785275,6.776429738438966,-0.47763116377334125,0.0701660713628162,62.84571428571429,7,425,4606.07
U0131,Muhammad Mukherjee,19.0,Female,Patna,2024-08-26,T000955,P036,146.23,Debit Card,2025-07-23,Product_036,Sports,1650.69,388,23,7,2025,2,6.0,Very High,4.991995989877317,12.09255969594527,1.7323920677952085,0.25485141952351137,73.65,5,281,4606.07
U0137,Myra Reddy,25.0,Other,Vadodara,2022-01-28,T000476,P036,34.24,Net Banking,2023-01-25,Product_036,Sports,1650.69,388,25,1,2023,3,6.0,Very High,3.562181801067979,5.851495535331118,-0.7349641449788109,0.048661486909452434,62.848,5,584,4606.07
U0180,Reyansh Verma,53.0,Female,Bhopal,2022-04-27,T000979,P036,30.17,UPI,2024-03-21,Product_036,Sports,1650.69,388,21,3,2024,4,6.0,Very High,3.4394560937792455,5.492722457943784,-0.8246341136009223,0.0411680229775012,69.09142857142858,7,199,4606.07
U0020,Vivaan Ghosh,20.0,Male,Lucknow,2023-02-15,T000404,P037,123.15,Credit Card,2023-05-07,Product_037,Clothing,1750.62,496,7,5,2023,1,2.0,Very High,4.821490511954176,11.097296968181036,1.2238950467145375,0.21235777147696724,71.65,4,390,9080.87
U0022,Anaya Das,30.0,Other,Bhopal,2023-02-10,T000588,P037,71.92,Credit Card,2024-03-27,Product_037,Clothing,1750.62,496,27,3,2024,1,2.0,Very High,4.289362949810462,8.480566018845677,0.09519910260869745,0.11803586552270132,65.67,5,368,9080.87
U0027,Vihaan Reddy,22.0,Other,Pune,2024-03-22,T000131,P037,54.2,Cash,2024-03-11,Product_037,Clothing,1750.62,496,11,3,2024,0,2.0,Very High,4.01096295328305,7.362064927722384,-0.29520675586398426,0.08541075965681039,60.365,4,491,9080.87
U0028,Kiara Kulkarni,35.0,Male,Nagpur,2023-01-26,T000818,P037,40.84,Credit Card,2024-08-08,Product_037,Clothing,1750.62,496,8,8,2024,1,2.0,Very High,3.7338528197566676,6.390618123468183,-0.5895533850510626,0.060813050042346356,78.77333333333334,9,250,9080.87
U0029,Sara Roy,27.0,Other,Jaipur,2024-09-21,T000918,P037,52.74,Wallet,2025-10-08,Product_037,Clothing,1750.62,496,8,10,2025,5,2.0,Very High,3.984157603187345,7.262231062146123,-0.327373378514668,0.08272268660013991,47.02,3,204,9080.87
U0037,Aarav Patel,33.0,Female,Surat,2022-09-03,T000139,P037,69.95,Wallet,2025-03-31,Product_037,Clothing,1750.62,496,31,3,2025,5,2.0,Very High,4.261975403606051,8.363611660042569,0.051796193963596845,0.11440880804212541,63.22,4,393,9080.87
U0042,Muhammad Singh,33.0,Female,Kanpur,2023-03-25,T000844,P037,53.35,Debit Card,2024-03-29,Product_037,Clothing,1750.62,496,29,3,2024,2,2.0,Very High,3.9954446135672184,7.304108432930059,-0.3139338991880125,0.08384578561696798,49.59,3,201,9080.87
U0069,Ira Nair,34.0,Female,Chennai,2023-11-17,T000800,P037,76.98,Credit Card,2023-11-06,Product_037,Clothing,1750.62,496,6,11,2023,1,2.0,Very High,4.356452383554451,8.773824707617539,0.20668068521997118,0.12735206392458664,77.01666666666667,6,900,9080.87
U0076,Ira Sharma,38.0,Other,Vadodara,2022-11-03,T000385,P037,60.89,Wallet,2024-01-31,Product_037,Clothing,1750.62,496,31,1,2024,5,2.0,Very High,4.12535861575127,7.803204469959762,-0.1478131219372213,0.09772802592333467,71.53428571428572,7,199,9080.87
U0081,Vivaan Gupta,30.0,Other,Indore,2024-04-29,T000161,P037,74.56,Net Banking,2025-04-08,Product_037,Clothing,1750.62,496,8,4,2025,3,2.0,Very High,4.324927042633309,8.634813257969162,0.15336340657979677,0.12289649077585887,56.55666666666667,6,387,9080.87
U0084,Kiara Kapoor,27.0,Male,Hyderabad,2022-03-19,T000317,P037,73.74,Wallet,2024-10-02,Product_037,Clothing,1750.62,496,2,10,2024,5,2.0,Very High,4.314015424057338,8.5871997764114,0.13529722125544,0.12138675111389324,45.842499999999994,4,197,9080.87
U0089,Kiara Kulkarni,27.0,Other,Ahmedabad,2024-08-05,T000738,P037,83.51,Cash,2024-10-20,Product_037,Clothing,1750.62,496,20,10,2024,0,2.0,Very High,4.436869870556391,9.138380600522174,0.3505492098151525,0.13937474684243473,56.611428571428576,7,443,9080.87
U0099,Vihaan Kulkarni,32.0,Female,Kanpur,2024-01-17,T000271,P037,46.29,Credit Card,2023-11-11,Product_037,Clothing,1750.62,496,11,11,2023,1,2.0,Very High,3.8562988566557843,6.80367547726962,-0.4694793484440584,0.07084729535662995,70.554,5,247,9080.87
U0116,Aditya Roy,34.0,Female,Patna,2022-07-19,T000185,P037,34.62,Wallet,2024-01-21,Product_037,Clothing,1750.62,496,21,1,2024,5,2.0,Very High,3.5729072778615154,5.88387627334226,-0.7265920103163043,0.04936112236255845,51.33090909090909,11,304,9080.87
U0117,Aadhya Joshi,31.0,Female,Kolkata,2022-06-01,T000410,P037,133.97,Credit Card,2025-08-04,Product_037,Clothing,1750.62,496,4,8,2025,1,2.0,Very High,4.905052531521191,11.574541027617467,1.462280565262755,0.23227897043119633,102.84153846153846,13,236,9080.87
U0123,Aarohi Roy,43.0,Male,Bhopal,2023-04-06,T000778,P037,12.75,Wallet,2024-04-06,Product_037,Clothing,1750.62,496,6,4,2024,5,2.0,Very High,2.6210388241125804,3.570714214271425,-1.2084303920768884,0.00909526089037817,51.17285714285715,7,400,9080.87
U0129,Arjun Das,32.0,Male,Indore,2023-02-22,T000807,P037,93.42,Cash,2023-10-29,Product_037,Clothing,1750.62,496,29,10,2023,0,2.0,Very High,4.54775291511814,9.665402216152208,0.5688856690399987,0.15762050300106784,62.84571428571429,7,425,9080.87
U0140,Ishaan Bose,22.0,Female,Chennai,2023-04-11,T000492,P037,109.46,Wallet,2023-03-09,Product_037,Clothing,1750.62,496,9,3,2023,5,2.0,Very High,4.704653464473042,10.462313319720453,0.9222778795310715,0.1871524837058585,59.8075,4,674,9080.87
U0146,Meera Patel,38.0,Other,Chennai,2023-04-22,T000749,P037,53.13,Debit Card,2024-01-21,Product_037,Clothing,1750.62,496,21,1,2024,2,2.0,Very High,3.9913885608088866,7.289032857656769,-0.3187809245189374,0.0834407335125382,51.7675,4,536,9080.87
U0150,Muhammad Gupta,34.0,Other,Kolkata,2022-04-15,T000985,P037,30.15,Wallet,2025-05-04,Product_037,Clothing,1750.62,496,4,5,2025,5,2.0,Very High,3.4388142452334622,5.490901565316938,-0.8250747522673701,0.04113120005891666,50.943333333333335,9,271,9080.87
U0164,Muhammad Gupta,25.0,Male,Indore,2023-05-16,T000768,P037,160.86,Credit Card,2025-10-13,Product_037,Clothing,1750.62,496,13,10,2025,1,2.0,Very High,5.086731764067556,12.683059567785685,2.0547192523017177,0.2817873844680929,63.097142857142856,7,199,9080.87
U0175,Muhammad Singh,34.0,Male,Kanpur,2022-07-03,T000176,P037,34.45,Wallet,2024-10-23,Product_037,Clothing,1750.62,496,23,10,2024,5,2.0,Very High,3.5681232529781366,5.869412236331676,-0.7303374389811098,0.04904812755458997,53.07333333333333,6,437,9080.87
U0180,Reyansh Verma,53.0,Female,Bhopal,2022-04-27,T000766,P037,129.55,Net Banking,2023-03-08,Product_037,Clothing,1750.62,496,8,3,2023,3,2.0,Very High,4.871756295145138,11.382003338604326,1.3648994199778088,0.22414110542401589,69.09142857142858,7,199,9080.87
U0182,Vivaan Reddy,25.0,Male,Patna,2024-08-29,T000340,P037,38.62,UPI,2025-08-30,Product_037,Clothing,1750.62,496,30,8,2025,4,2.0,Very High,3.6793340412704048,6.214499175315739,-0.6384642770267599,0.05672570607946384,59.91181818181818,11,184,9080.87
U0199,Meera Roy,32.0,Male,Ghaziabad,2022-02-10,T000144,P037,40.28,Cash,2023-06-23,Product_037,Clothing,1750.62,496,23,6,2023,0,2.0,Very High,3.720378121173307,6.346652661048973,-0.6018912677115988,0.05978200832197959,76.08555555555556,9,261,9080.87
U0034,Vihaan Singh,23.0,Other,Visakhapatnam,2023-09-16,T000630,P038,46.11,Debit Card,2025-06-30,Product_038,Home,393.65,58,30,6,2025,2,5.0,Low,3.85248529271195,6.790434448545984,-0.47344509644208793,0.0705158890893692,75.76333333333334,9,185,13243.42
U0047,Anaya Gupta,28.0,Other,Kolkata,2022-10-13,T000005,P038,23.89,Net Banking,2025-10-04,Product_038,Home,393.65,58,4,10,2025,3,5.0,Low,3.2144661163795005,4.887739763939975,-0.9629946548655072,0.02960562654195971,40.7375,4,208,13243.42
U0071,Kabir Roy,34.0,Female,Bengaluru,2022-01-10,T000179,P038,203.14,Credit Card,2024-12-21,Product_038,Home,393.65,58,21,12,2024,1,5.0,Low,5.318806032975353,14.252719038836062,2.9862293931722017,0.359631034355783,73.29333333333334,9,495,13243.42
U0078,Vihaan Kapoor,29.0,Male,Jaipur,2022-10-16,T000392,P038,40.99,Wallet,2023-01-24,Product_038,Home,393.65,58,24,1,2023,5,5.0,Low,3.737431494696102,6.402343321003647,-0.5862485950527048,0.0610892219317303,42.51,4,555,13243.42
U0095,Muhammad Bose,28.0,Female,Jaipur,2024-06-04,T000691,P038,89.33,Net Banking,2024-02-05,Product_038,Home,393.65,58,5,2,2024,3,5.0,Low,4.503469631161752,9.451454914456292,0.4787750617514394,0.15009021615053206,68.685,6,403,13243.42
U0101,Aadhya Chopra,20.0,Male,Jaipur,2022-02-15,T000662,P038,21.99,Wallet,2023-05-16,Product_038,Home,393.65,58,16,5,2023,5,5.0,Low,3.1350593387750902,4.689349635077342,-1.0048553281780408,0.02610744927642964,32.67,2,603,13243.42
U0107,Kiara Bose,47.0,Other,Pune,2023-09-23,T000342,P038,27.72,UPI,2023-02-24,Product_038,Home,393.65,58,24,2,2023,4,5.0,Low,3.3575937441800234,5.264978632435273,-0.8786123502407683,0.03665721545089663,43.097142857142856,7,213,13243.42
U0112,Meera Iyer,31.0,Other,Bengaluru,2022-10-18,T000166,P038,42.92,Net Banking,2023-06-11,Product_038,Home,393.65,58,11,6,2023,3,5.0,Low,3.7823697972012753,6.55133574166368,-0.5437269637404996,0.06464263357513715,47.562,5,514,13243.42
U0116,Aditya Roy,34.0,Female,Patna,2022-07-19,T000566,P038,35.81,Net Banking,2025-03-07,Product_038,Home,393.65,58,7,3,2025,3,5.0,Low,3.60576954739093,5.984145720150872,-0.7003740096626647,0.051552086018337814,51.33090909090909,11,304,13243.42
U0119,Ira Roy,41.0,Male,Vadodara,2022-09-13,T000184,P038,39.83,Cash,2023-03-26,Product_038,Home,393.65,58,26,3,2023,0,5.0,Low,3.709417105331484,6.311101330195863,-0.6118056377066727,0.058953492653827724,114.93666666666667,6,296,13243.42
U0142,Kiara Khan,42.0,Male,Bhopal,2022-01-20,T000462,P038,39.33,Cash,2025-05-05,Product_038,Home,393.65,58,5,5,2025,0,5.0,Low,3.697095608885277,6.271363488110062,-0.6228216043678657,0.05803291968921455,56.51,7,226,13243.42
U0143,Aarohi Verma,19.0,Female,Kolkata,2023-10-28,T000436,P038,20.23,Wallet,2023-12-25,Product_038,Home,393.65,58,25,12,2023,5,5.0,Low,3.055415275715165,4.497777228809804,-1.0436315308254402,0.022867032440991274,39.68666666666667,3,407,13243.42
U0146,Meera Patel,38.0,Other,Chennai,2023-04-22,T000817,P038,36.93,Cash,2023-07-25,Product_038,Home,393.65,58,25,7,2023,0,5.0,Low,3.6357423557008075,6.0770058416953985,-0.6756982443415923,0.05361416945907131,51.7675,4,536,13243.42
U0150,Muhammad Gupta,34.0,Other,Kolkata,2022-04-15,T000723,P038,59.13,UPI,2023-06-03,Product_038,Home,393.65,58,3,6,2023,4,5.0,Low,4.0965088850514775,7.689603370785778,-0.1865893245846208,0.0944876090878963,50.943333333333335,9,271,13243.42
U0175,Muhammad Singh,34.0,Male,Kanpur,2022-07-03,T000505,P038,21.46,Wallet,2025-02-17,Product_038,Home,393.65,58,17,2,2025,5,5.0,Low,3.111735949310297,4.632493928760188,-1.0165322528389054,0.02513164193393968,53.07333333333333,6,437,13243.42
U0194,Vihaan Kapoor,22.0,Male,Ahmedabad,2024-07-19,T000803,P038,56.59,Debit Card,2023-05-05,Product_038,Home,393.65,58,5,5,2023,2,5.0,Low,4.053348941518581,7.522632517942107,-0.2425504352234815,0.08981109842766137,54.48199999999999,5,402,13243.42
U0198,Kabir Bose,33.0,Female,Visakhapatnam,2023-07-07,T000244,P038,51.76,Wallet,2024-11-11,Product_038,Home,393.65,58,11,11,2024,5,5.0,Low,3.965753327849114,7.194442299441979,-0.3489646731706065,0.08091836358949808,53.71666666666667,3,183,13243.42
U0015,Vihaan Bose,18.0,Female,Thane,2023-10-13,T000860,P039,43.71,Net Banking,2024-10-16,Product_039,Grocery,4167.72,453,16,10,2024,3,4.0,Very High,3.800197190245889,6.611353870426238,-0.5263217364158146,0.06609713885922597,88.21000000000001,5,326,8427.07
U0024,Aarohi Kapoor,20.0,Female,Patna,2023-03-15,T000954,P039,24.68,Cash,2024-09-15,Product_039,Grocery,4167.72,453,15,9,2024,0,4.0,Very High,3.2457124788217606,4.967896939349688,-0.9455894275408221,0.031060131826048526,61.71545454545455,11,270,8427.07
U0034,Vihaan Singh,23.0,Other,Visakhapatnam,2023-09-16,T000198,P039,123.02,Wallet,2023-06-23,Product_039,Grocery,4167.72,453,23,6,2023,5,4.0,Very High,4.820442842921731,11.091438139393826,1.2210308953826272,0.2121184225061678,75.76333333333334,9,185,8427.07
U0047,Anaya Gupta,28.0,Other,Kolkata,2022-10-13,T000767,P039,36.39,UPI,2024-03-28,Product_039,Grocery,4167.72,453,28,3,2024,4,4.0,Very High,3.6214032889890224,6.032412452742269,-0.6875954883356808,0.05261995065728908,40.7375,4,208,8427.07
U0049,Saanvi Chopra,34.0,Female,Kolkata,2024-03-14,T000025,P039,41.13,Cash,2023-10-07,Product_039,Grocery,4167.72,453,7,10,2023,0,4.0,Very High,3.7407600759909254,6.413267497929585,-0.5831641243875707,0.061346982361822,78.0,5,195,8427.07
U0051,Kiara Mehta,34.0,Female,Indore,2023-04-24,T000333,P039,52.48,Cash,2025-04-02,Product_039,Grocery,4167.72,453,2,4,2025,0,4.0,Very High,3.9793077522337423,7.244308110509933,-0.3331016811784885,0.08224398865854106,72.70333333333333,3,393,8427.07
U0051,Kiara Mehta,34.0,Female,Indore,2023-04-24,T000913,P039,92.02,Debit Card,2024-06-22,Product_039,Grocery,4167.72,453,22,6,2024,2,4.0,Very High,4.532814523795951,9.592705562040356,0.538040962388658,0.15504289870015095,72.70333333333333,3,393,8427.07
U0052,Vivaan Patel,28.0,Male,Nagpur,2024-01-16,T000216,P039,34.84,Debit Card,2024-05-27,Product_039,Grocery,4167.72,453,27,5,2024,2,4.0,Very High,3.57906458810673,5.902541825349482,-0.7217449849853792,0.04976617446698825,63.350833333333334,12,204,8427.07
U0060,Ishaan Roy,39.0,Female,Indore,2023-12-15,T000752,P039,67.44,Debit Card,2023-02-10,Product_039,Grocery,4167.72,453,10,2,2023,2,4.0,Very High,4.225957449023992,8.212186067059124,-0.003503958675592385,0.10978753175976726,47.62,2,582,8427.07
U0074,Diya Gupta,44.0,Male,Kanpur,2022-10-19,T000130,P039,79.6,UPI,2024-12-21,Product_039,Grocery,4167.72,453,21,12,2024,4,4.0,Very High,4.389498649512583,8.921883209278185,0.2644043505246226,0.13217586625915967,60.69333333333333,6,438,8427.07
U0082,Ishaan Verma,34.0,Male,Lucknow,2024-02-29,T000740,P039,38.92,Debit Card,2023-03-02,Product_039,Grocery,4167.72,453,2,3,2023,2,4.0,Very High,3.686877451443263,6.238589584192889,-0.6318546970300439,0.05727804985823176,57.357142857142854,7,210,8427.07
U0083,Arjun Khan,43.0,Male,Thane,2023-07-19,T000186,P039,59.75,Net Banking,2025-10-23,Product_039,Grocery,4167.72,453,23,10,2025,3,4.0,Very High,4.1067670822206574,7.729812416870153,-0.17292952592474148,0.09562911956401662,59.12375,8,189,8427.07
U0083,Arjun Khan,43.0,Male,Thane,2023-07-19,T000529,P039,39.49,Wallet,2024-02-16,Product_039,Grocery,4167.72,453,16,2,2024,5,4.0,Very High,3.7010550300440697,6.284106937345991,-0.6192964950362839,0.05832750303789078,59.12375,8,189,8427.07
U0098,Ishaan Iyer,34.0,Other,Jaipur,2022-02-09,T000117,P039,82.2,Cash,2024-08-26,Product_039,Grocery,4167.72,453,26,8,2024,0,4.0,Very High,4.421247347827163,9.06642156531451,0.32168737716282664,0.1369628456751482,66.34666666666668,3,612,8427.07
U0108,Saanvi Singh,33.0,Female,Vadodara,2024-05-03,T000579,P039,52.21,Debit Card,2025-02-24,Product_039,Grocery,4167.72,453,24,2,2025,2,4.0,Very High,3.9742463486082777,7.22564875980005,-0.3390503031755327,0.08174687925764995,63.251666666666665,6,279,8427.07
U0148,Vihaan Iyer,21.0,Female,Hyderabad,2023-08-16,T000433,P039,49.66,Wallet,2024-10-18,Product_039,Grocery,4167.72,453,18,10,2024,5,4.0,Very High,3.925136644573529,7.046985170979147,-0.39523173314761734,0.07705195713812275,39.166666666666664,3,445,8427.07
U0158,Saanvi Khan,35.0,Female,Kolkata,2024-04-30,T000183,P039,15.27,Cash,2025-02-26,Product_039,Grocery,4167.72,453,26,2,2025,0,4.0,Very High,2.7893229212309465,3.9076847365159844,-1.1529099201044755,0.01373494863202857,68.458,5,336,8427.07
U0162,Muhammad Mehta,38.0,Female,Lucknow,2022-10-14,T000018,P039,47.37,Debit Card,2023-11-21,Product_039,Grocery,4167.72,453,21,11,2023,2,4.0,Very High,3.878879786834892,6.882586723027905,-0.44568486045588146,0.07283573296019441,51.166666666666664,6,432,8427.07
U0167,Sai Bose,38.0,Other,Kolkata,2022-11-10,T000528,P039,67.26,Debit Card,2024-09-07,Product_039,Grocery,4167.72,453,7,9,2024,2,4.0,Very High,4.223323943478561,8.20121942152507,-0.007469706673621721,0.10945612549250652,76.80250000000001,4,362,8427.07
U0169,Diya Mukherjee,30.0,Other,Vadodara,2022-12-05,T000974,P039,52.59,Cash,2024-10-21,Product_039,Grocery,4167.72,453,21,10,2024,0,4.0,Very High,3.981362483506759,7.251896303726357,-0.3306781685130259,0.08244651471075597,71.0775,4,349,8427.07
U0179,Kabir Joshi,29.0,Female,Thane,2022-12-15,T000453,P039,46.46,Wallet,2024-02-23,Product_039,Grocery,4167.72,453,23,2,2024,5,4.0,Very High,3.8598872510076174,6.816157275180789,-0.46573391977925277,0.07116029016459843,63.556,5,797,8427.07
U0001,Vihaan Sharma,35.0,Other,Jaipur,2022-09-08,T000237,P040,145.06,UPI,2024-05-07,Product_040,Grocery,4011.76,36,7,5,2024,4,4.0,Very High,4.984017496191964,12.044085685513865,1.706614705808017,0.25269727878631654,77.47333333333334,3,618,8427.07
U0007,Ishaan Sharma,44.0,Male,Indore,2022-12-15,T000083,P040,141.4,Cash,2024-11-02,Product_040,Grocery,4011.76,36,2,11,2024,0,4.0,Very High,4.958639998977875,11.8911731969558,1.625977829848084,0.24595868468534815,85.938,5,193,8427.07
U0009,Aditya Bose,28.0,Male,Kanpur,2024-05-17,T000731,P040,39.13,Cash,2024-05-18,Product_040,Grocery,4011.76,36,18,5,2024,0,4.0,Very High,3.6921241842788253,6.255397669213365,-0.6272279910323428,0.057664690503369295,60.51666666666667,3,502,8427.07
U0037,Aarav Patel,33.0,Female,Surat,2022-09-03,T000822,P040,38.7,Cash,2025-04-02,Product_040,Grocery,4011.76,36,2,4,2025,0,4.0,Very High,3.681351187693145,6.220932405998316,-0.6367017223609689,0.05687299775380196,63.22,4,393,8427.07
U0043,Ira Roy,31.0,Male,Kolkata,2022-08-19,T000600,P040,55.58,Debit Card,2024-02-28,Product_040,Grocery,4011.76,36,28,2,2024,2,4.0,Very High,4.035655565873421,7.455199527846321,-0.26480268787909156,0.08795154103914274,95.22,7,311,8427.07
U0044,Aditya Nair,29.0,Male,Patna,2023-07-22,T000164,P040,69.48,Net Banking,2025-01-11,Product_040,Grocery,4011.76,36,11,1,2025,3,4.0,Very High,4.255328981627924,8.335466393669883,0.041441185302075405,0.11354346945538901,73.16857142857144,7,215,8427.07
U0045,Sai Chopra,20.0,Male,Mumbai,2022-03-14,T000386,P040,63.37,Wallet,2025-04-10,Product_040,Grocery,4011.76,36,10,4,2025,5,4.0,Very High,4.164647686064525,7.960527620704547,-0.09317392729770384,0.10229406782781601,85.19375,8,385,8427.07
U0052,Vivaan Patel,28.0,Male,Nagpur,2024-01-16,T000999,P040,62.45,Net Banking,2024-04-06,Product_040,Grocery,4011.76,36,6,4,2024,3,4.0,Very High,4.150252194160397,7.90253124005214,-0.11344330595429893,0.10060021357292778,63.350833333333334,12,204,8427.07
U0055,Ishaan Roy,40.0,Male,Bengaluru,2023-03-30,T000279,P040,346.31,UPI,2025-10-02,Product_040,Grocery,4011.76,36,2,10,2025,4,4.0,Very High,5.850217752885746,18.609406223735352,6.1405412869382205,0.6232278970431194,200.54,2,210,8427.07
U0084,Kiara Kapoor,27.0,Male,Hyderabad,2022-03-19,T000337,P040,32.58,UPI,2023-11-29,Product_040,Grocery,4011.76,36,29,11,2023,4,4.0,Very High,3.5139306516493947,5.707889277132134,-0.771537154293972,0.04560518466693669,45.842499999999994,4,197,8427.07
U0101,Aadhya Chopra,20.0,Male,Jaipur,2022-02-15,T000338,P040,43.35,Wallet,2024-09-04,Product_040,Grocery,4011.76,36,4,9,2024,5,4.0,Very High,3.7921127087555884,6.5840716885526085,-0.5342532324118735,0.06543432632470449,32.67,2,603,8427.07
U0106,Aadhya Singh,35.0,Other,Ahmedabad,2022-07-16,T000640,P040,48.02,Wallet,2025-06-25,Product_040,Grocery,4011.76,36,25,6,2025,5,4.0,Very High,3.8922283780999667,6.929646455628166,-0.4313641037963304,0.07403247781419155,40.444,5,248,8427.07
U0114,Sai Singh,51.0,Male,Chennai,2022-05-31,T000211,P040,83.68,UPI,2025-07-08,Product_040,Grocery,4011.76,36,8,7,2025,4,4.0,Very High,4.4388794462666645,9.147677300823418,0.3542946384799581,0.1396877416504032,52.12571428571429,7,223,8427.07
U0115,Aarav Verma,30.0,Male,Bhopal,2023-09-18,T000228,P040,82.4,Credit Card,2023-06-12,Product_040,Grocery,4011.76,36,12,6,2023,1,4.0,Very High,4.423648309364701,9.077444574328174,0.3260937638273039,0.13733107486099347,44.77333333333333,6,197,8427.07
U0153,Diya Gupta,26.0,Other,Lucknow,2022-01-13,T000524,P040,85.28,Debit Card,2025-07-26,Product_040,Grocery,4011.76,36,26,7,2025,2,4.0,Very High,4.457597821520956,9.234717104492157,0.3895457317957758,0.14263357513716535,57.984,5,278,8427.07
U0180,Reyansh Verma,53.0,Female,Bhopal,2022-04-27,T000815,P040,154.71,Cash,2025-05-09,Product_040,Grocery,4011.76,36,9,5,2025,0,4.0,Very High,5.047995302853334,12.438247464976728,1.919222862369043,0.2704643370033509,69.09142857142858,7,199,8427.07
U0182,Vivaan Reddy,25.0,Male,Patna,2024-08-29,T000599,P040,55.53,Wallet,2025-05-26,Product_040,Grocery,4011.76,36,26,5,2025,5,4.0,Very High,4.0347714706871995,7.451845409024532,-0.2659042845452108,0.08785948374268143,59.91181818181818,11,184,8427.07
U0190,Aarav Mukherjee,19.0,Female,Ghaziabad,2023-04-27,T000690,P040,106.19,Debit Card,2025-08-08,Product_040,Grocery,4011.76,36,8,8,2025,2,4.0,Very High,4.674602960703428,10.304853225543777,0.8502334575668691,0.18113193651728832,53.28399999999999,5,265,8427.07
U0015,Vihaan Bose,18.0,Female,Thane,2023-10-13,T000487,P041,47.27,Credit Card,2023-12-17,Product_041,Home,3218.83,273,17,12,2023,1,5.0,Very High,3.8768102496724017,6.8753181744556375,-0.44788805378811997,0.07265161836727178,88.21000000000001,5,326,13243.42
U0020,Vivaan Ghosh,20.0,Male,Lucknow,2023-02-15,T000611,P041,48.81,Credit Card,2025-04-05,Product_041,Home,3218.83,273,5,4,2025,1,5.0,Very High,3.908215767085192,6.986415389883427,-0.41395887647164537,0.07548698309828036,71.65,4,390,13243.42
U0022,Anaya Das,30.0,Other,Bhopal,2023-02-10,T000659,P041,39.2,Cash,2023-11-09,Product_041,Home,3218.83,273,9,11,2023,0,5.0,Very High,3.6938669956249757,6.260990336999411,-0.6256857556997758,0.057793570718415135,65.67,5,368,13243.42
U0033,Ishaan Amin,31.0,Male,Visakhapatnam,2024-07-23,T000299,P041,32.29,UPI,2023-07-11,Product_041,Home,3218.83,273,11,7,2023,4,5.0,Very High,3.5052570515869337,5.682429058070149,-0.7779264149574638,0.04507125234746105,71.74714285714286,7,451,13243.42
U0044,Aditya Nair,29.0,Male,Patna,2023-07-22,T000793,P041,47.07,UPI,2023-06-17,Product_041,Home,3218.83,273,17,6,2023,4,5.0,Very High,3.8726582819058692,6.860757975617563,-0.45229444045259726,0.0722833891814265,73.16857142857144,7,215,13243.42
U0048,Meera Das,40.0,Other,Ahmedabad,2024-01-11,T000564,P041,51.54,Wallet,2025-06-04,Product_041,Home,3218.83,273,4,6,2025,5,5.0,Very High,3.961574784257394,7.179136438319027,-0.3538116985015314,0.0805133114850683,69.612,5,246,13243.42
U0052,Vivaan Patel,28.0,Male,Nagpur,2024-01-16,T000811,P041,120.35,Debit Card,2024-06-12,Product_041,Home,3218.83,273,12,6,2024,2,5.0,Very High,4.79867893217261,10.970414759707127,1.1622056334118562,0.20720256287513344,63.350833333333334,12,204,13243.42
U0057,Aarav Gupta,25.0,Male,Pune,2023-02-21,T000067,P041,145.39,Debit Card,2024-05-28,Product_041,Home,3218.83,273,28,5,2024,2,5.0,Very High,4.98627429318332,12.057777573002413,1.713885243804404,0.25330485694296123,87.152,5,587,13243.42
U0061,Aarohi Joshi,28.0,Male,Chennai,2022-10-31,T000044,P041,91.79,Wallet,2024-08-11,Product_041,Home,3218.83,273,11,8,2024,5,5.0,Very High,4.530338875365088,9.58070978581441,0.5329736177245095,0.1546194351364289,86.66,7,306,13243.42
U0071,Kabir Roy,34.0,Female,Bengaluru,2022-01-10,T000265,P041,51.04,Credit Card,2023-06-03,Product_041,Home,3218.83,273,3,6,2023,1,5.0,Very High,3.9520126536443043,7.1442284397967,-0.36482766516272447,0.07959273852045512,73.29333333333334,9,495,13243.42
U0082,Ishaan Verma,34.0,Male,Lucknow,2024-02-29,T000042,P041,50.97,Wallet,2025-09-26,Product_041,Home,3218.83,273,26,9,2025,5,5.0,Very High,3.9506666290203505,7.139327699440614,-0.3663699004952915,0.07946385830540927,57.357142857142854,7,210,13243.42
U0097,Aarohi Nair,34.0,Male,Hyderabad,2024-06-17,T000903,P041,191.14,UPI,2023-04-10,Product_041,Home,3218.83,273,10,4,2023,4,5.0,Very High,5.258224272981592,13.825339055516865,2.7218461933035685,0.33753728320506676,85.14,6,234,13243.42
U0108,Saanvi Singh,33.0,Female,Vadodara,2024-05-03,T000233,P041,46.45,Cash,2025-07-25,Product_041,Home,3218.83,273,25,7,2025,0,5.0,Very High,3.859676525055937,6.815423684555495,-0.4659542391124766,0.07114187870530618,63.251666666666665,6,279,13243.42
U0131,Muhammad Mukherjee,19.0,Female,Patna,2024-08-26,T000169,P041,57.89,Credit Card,2024-02-02,Product_041,Home,3218.83,273,2,2,2024,1,5.0,Very High,4.07567129695648,7.608547824650904,-0.2139089219043796,0.09220458813565562,73.65,5,281,13243.42
U0136,Anaya Bose,44.0,Other,Pune,2024-05-10,T000572,P041,38.96,UPI,2025-03-06,Product_041,Home,3218.83,273,6,3,2025,4,5.0,Very High,3.687878953780353,6.241794613730894,-0.6309734196971485,0.057351695695400814,69.52000000000001,5,420,13243.42
U0159,Aditya Khan,22.0,Female,Kolkata,2024-02-08,T000305,P041,36.95,Credit Card,2025-10-16,Product_041,Home,3218.83,273,16,10,2025,1,5.0,Very High,3.636269503841639,6.078651166171653,-0.6752576056751446,0.053650992377655846,100.2,3,196,13243.42
U0165,Aarohi Ghosh,39.0,Other,Bhopal,2023-10-24,T000098,P041,65.65,Cash,2023-02-13,Product_041,Home,3218.83,273,13,2,2023,0,5.0,Very High,4.199455046624718,8.10246875958186,-0.04294111932266333,0.1064918805464521,84.41333333333334,3,264,13243.42
U0172,Vihaan Kapoor,25.0,Other,Pune,2022-07-16,T000266,P041,47.82,Net Banking,2025-01-14,Product_041,Home,3218.83,273,14,1,2025,3,5.0,Very High,3.888140064964814,6.915200647848188,-0.4357704904608077,0.07366424862834627,63.964,5,471,13243.42
U0176,Kabir Sharma,38.0,Other,Vadodara,2022-05-10,T000722,P041,29.49,Wallet,2023-06-22,Product_041,Home,3218.83,273,22,6,2023,5,5.0,Very High,3.4173987610001633,5.430469592954186,-0.839615828260145,0.03991604374562727,56.64,5,226,13243.42
U0182,Vivaan Reddy,25.0,Male,Patna,2024-08-29,T000162,P041,136.95,Net Banking,2024-08-15,Product_041,Home,3218.83,273,15,8,2024,3,5.0,Very High,4.926891300663295,11.70256382165891,1.5279357265634654,0.23776558530029085,59.91181818181818,11,184,13243.42
U0003,Aarohi Gupta,37.0,Other,Indore,2022-02-02,T000944,P042,58.87,Debit Card,2025-11-01,Product_042,Home,4406.39,59,1,11,2025,2,5.0,Very High,4.092175544937261,7.6726788020873125,-0.1923176272484413,0.09400891114629743,40.597500000000004,4,180,13243.42
U0012,Aarohi Singh,28.0,Other,Ghaziabad,2024-06-25,T000303,P042,23.59,Cash,2024-06-26,Product_042,Home,4406.39,59,26,6,2024,0,5.0,Very High,3.202339856228101,4.856953777832357,-0.9696042348622229,0.029053282763191808,76.72625,8,207,13243.42
U0014,Sai Singh,18.0,Male,Kolkata,2024-06-06,T000217,P042,138.48,Net Banking,2025-01-30,Product_042,Home,4406.39,59,30,1,2025,3,5.0,Very High,4.93792122180745,11.76775254668452,1.5616445845467162,0.24058253857200718,91.97200000000001,5,455,13243.42
U0024,Aarohi Kapoor,20.0,Female,Patna,2023-03-15,T000796,P042,46.12,Cash,2025-03-04,Product_042,Home,4406.39,59,4,3,2025,0,5.0,Very High,3.8526975393433314,6.791170738539858,-0.4732247771088641,0.07053430054866147,61.71545454545455,11,270,13243.42
U0031,Aarohi Khan,27.0,Other,Lucknow,2022-04-25,T000021,P042,218.94,Debit Card,2025-10-17,Product_042,Home,4406.39,59,17,10,2025,2,5.0,Very High,5.393354781882788,14.796621235944373,3.3343339396659024,0.3887211400375593,98.785,4,195,13243.42
U0043,Ira Roy,31.0,Male,Kolkata,2022-08-19,T000545,P042,74.48,Cash,2023-04-01,Product_042,Home,4406.39,59,1,4,2023,0,5.0,Very High,4.32386772050035,8.630179604156567,0.1516008519140059,0.12274919910152077,95.22,7,311,13243.42
U0052,Vivaan Patel,28.0,Male,Nagpur,2024-01-16,T000735,P042,71.09,Cash,2024-05-25,Product_042,Home,4406.39,59,25,5,2024,0,5.0,Very High,4.277915338416487,8.431488599292535,0.07691259795111702,0.11650771440144345,63.350833333333334,12,204,13243.42
U0067,Saanvi Ghosh,31.0,Other,Ghaziabad,2022-02-10,T000393,P042,72.78,UPI,2024-04-28,Product_042,Home,4406.39,59,28,4,2024,4,5.0,Very High,4.3010876921685295,8.531119504496465,0.11414656526594948,0.11961925102183596,68.82333333333334,3,197,13243.42
U0069,Ira Nair,34.0,Female,Chennai,2023-11-17,T000846,P042,92.78,Net Banking,2023-02-11,Product_042,Home,4406.39,59,11,2,2023,3,5.0,Very High,4.5409516136614405,9.632237538599222,0.5547852317136716,0.15644216960636298,77.01666666666667,6,900,13243.42
U0071,Kabir Roy,34.0,Female,Bengaluru,2022-01-10,T000606,P042,45.35,Debit Card,2023-09-29,Product_042,Home,4406.39,59,29,9,2023,2,5.0,Very High,3.836221292011864,6.734240862933253,-0.4901893657671013,0.06911661818315719,73.29333333333334,9,495,13243.42
U0085,Arjun Kapoor,25.0,Male,Kanpur,2023-08-20,T000446,P042,46.36,Credit Card,2025-07-10,Product_042,Home,4406.39,59,10,7,2025,1,5.0,Very High,3.8577779905757503,6.80881781221968,-0.4679371131114914,0.07097617557167579,65.51666666666667,6,294,13243.42
U0099,Vihaan Kulkarni,32.0,Female,Kanpur,2024-01-17,T000820,P042,70.42,Net Banking,2025-08-26,Product_042,Home,4406.39,59,26,8,2025,3,5.0,Very High,4.268577942166303,8.391662528962899,0.06215120262511829,0.11527414662886179,70.554,5,247,13243.42
U0107,Kiara Bose,47.0,Other,Pune,2023-09-23,T000091,P042,48.19,Credit Card,2025-09-29,Product_042,Home,4406.39,59,29,9,2025,1,5.0,Very High,3.8956903508072482,6.941901756723441,-0.42761867513152485,0.07434547262216001,43.097142857142856,7,213,13243.42
U0108,Saanvi Singh,33.0,Female,Vadodara,2024-05-03,T000931,P042,66.21,Debit Card,2023-08-20,Product_042,Home,4406.39,59,20,8,2023,2,5.0,Very High,4.2078220459818745,8.136952746575341,-0.03060323666212738,0.10752292226681884,63.251666666666665,6,279,13243.42
U0118,Aarav Patel,22.0,Female,Kolkata,2022-06-30,T000112,P042,105.56,Credit Card,2023-05-05,Product_042,Home,4406.39,59,5,5,2023,1,5.0,Very High,4.668708206792079,10.274239631233058,0.836353339573766,0.17997201458187573,127.7,4,494,13243.42
U0123,Aarohi Roy,43.0,Male,Bhopal,2023-04-06,T000373,P042,66.43,Debit Card,2024-08-11,Product_042,Home,4406.39,59,11,8,2024,2,5.0,Very High,4.2110900227464905,8.150460109711599,-0.02575621133120215,0.10792797437124865,51.17285714285715,7,400,13243.42
U0129,Arjun Das,32.0,Male,Indore,2023-02-22,T000300,P042,23.82,Debit Card,2023-11-12,Product_042,Home,4406.39,59,12,11,2023,2,5.0,Very High,3.211649779776461,4.880573736764972,-0.9645368901980742,0.02947674632691387,62.84571428571429,7,425,13243.42
U0133,Diya Singh,23.0,Female,Indore,2023-07-06,T000004,P042,102.75,Net Banking,2024-07-23,Product_042,Home,4406.39,59,23,7,2024,3,5.0,Very High,4.641984159110808,10.136567466356647,0.774443606937861,0.1747983945207497,90.22999999999999,5,550,13243.42
U0137,Myra Reddy,25.0,Other,Vadodara,2022-01-28,T000456,P042,56.57,UPI,2024-09-23,Product_042,Home,4406.39,59,23,9,2024,4,5.0,Very High,4.053001598687718,7.521303078589507,-0.24299107388992927,0.08977427550907684,62.848,5,584,13243.42
U0141,Anaya Nair,33.0,Female,Jaipur,2024-02-10,T000948,P042,23.01,Net Banking,2025-04-05,Product_042,Home,4406.39,59,5,4,2025,3,5.0,Very High,3.178470410233162,4.796873982084583,-0.9823827561892068,0.027985418124240526,54.653333333333336,9,227,13243.42
U0144,Aditya Verma,33.0,Male,Kolkata,2022-07-24,T000855,P042,39.24,Cash,2024-08-01,Product_042,Home,4406.39,59,1,8,2024,0,5.0,Very High,3.6948615257914836,6.26418390534633,-0.6248044783668804,0.05786721655558419,57.815,2,202,13243.42
U0145,Aarav Kulkarni,34.0,Male,Kolkata,2022-05-10,T000546,P042,35.32,Wallet,2025-03-29,Product_042,Home,4406.39,59,29,3,2025,5,5.0,Very High,3.5923685537330927,5.94306318324145,-0.711169656990634,0.05064992451301689,67.94875,8,397,13243.42
U0155,Diya Roy,34.0,Other,Ahmedabad,2023-03-22,T000829,P042,78.89,Credit Card,2024-01-20,Product_042,Home,4406.39,59,20,1,2024,1,5.0,Very High,4.380650688493951,8.882004278314664,0.24876167786572856,0.13086865264940897,53.04,5,403,13243.42
U0157,Aarohi Joshi,46.0,Female,Indore,2024-04-25,T000638,P042,29.99,Debit Card,2025-06-20,Product_042,Home,4406.39,59,20,6,2025,2,5.0,Very High,3.433664571799657,5.476312628037227,-0.828599861598952,0.04083661671024044,45.112,5,314,13243.42
U0162,Muhammad Mehta,38.0,Female,Lucknow,2022-10-14,T000193,P042,24.73,UPI,2023-05-15,Product_042,Home,4406.39,59,15,5,2023,4,5.0,Very High,3.2476576262936527,4.972926703662543,-0.9444878308747027,0.031152189122509846,51.166666666666664,6,432,13243.42
U0168,Saanvi Mehta,47.0,Female,Vadodara,2023-06-28,T000485,P042,26.23,Credit Card,2023-07-11,Product_042,Home,4406.39,59,11,7,2023,1,5.0,Very High,3.3043193066856684,5.121523210920751,-0.9114399308911235,0.03391390801634937,51.00599999999999,5,684,13243.42
U0182,Vivaan Reddy,25.0,Male,Patna,2024-08-29,T000982,P042,125.86,Debit Card,2025-10-28,Product_042,Home,4406.39,59,28,10,2025,2,5.0,Very High,4.843084116205751,11.218734331465381,1.2836015860182037,0.21734727694517064,59.91181818181818,11,184,13243.42
U0189,Sai Iyer,25.0,Other,Bengaluru,2022-06-10,T000595,P042,28.54,Debit Card,2024-09-01,Product_042,Home,4406.39,59,1,9,2024,2,5.0,Very High,3.3857452771032337,5.342284155677232,-0.8605461649164118,0.038166955112862236,55.54333333333333,3,606,13243.42
U0191,Kabir Verma,28.0,Male,Surat,2023-12-25,T000952,P042,15.0,Credit Card,2023-07-30,Product_042,Home,4406.39,59,30,7,2023,1,5.0,Very High,2.772588722239781,3.872983346207417,-1.1588585421015196,0.013237839231137456,58.73333333333333,3,419,13243.42
U0191,Kabir Verma,28.0,Male,Surat,2023-12-25,T000994,P042,66.15,Cash,2025-03-07,Product_042,Home,4406.39,59,7,3,2025,0,5.0,Very High,4.206928922969246,8.133265027035575,-0.03192515266147029,0.10741245351106528,58.73333333333333,3,419,13243.42
U0200,Kiara Nair,22.0,Other,Jaipur,2022-01-27,T000270,P042,38.65,UPI,2025-01-11,Product_042,Home,4406.39,59,11,1,2025,4,5.0,Very High,3.680090948080857,6.216912416947821,-0.6378033190270883,0.05678094045734064,57.14833333333333,6,249,13243.42
U0016,Diya Iyer,27.0,Female,Kanpur,2022-08-03,T000394,P043,66.7,Credit Card,2025-08-11,Product_043,Home,3416.65,309,11,8,2025,1,5.0,Very High,4.215086179918229,8.167006795638168,-0.01980758933415799,0.10842508377213976,51.365,2,262,13243.42
U0022,Anaya Das,30.0,Other,Bhopal,2023-02-10,T000802,P043,95.09,UPI,2025-04-27,Product_043,Home,3416.65,309,27,4,2025,4,5.0,Very High,4.5652852522891765,9.751410154434076,0.6056789976883835,0.16069521670287584,65.67,5,368,13243.42
U0033,Ishaan Amin,31.0,Male,Visakhapatnam,2024-07-23,T000200,P043,114.74,Wallet,2023-07-11,Product_043,Home,3416.65,309,11,7,2023,5,5.0,Very High,4.751346296145693,10.711675872616759,1.0386064874732703,0.1968737342121736,71.74714285714286,7,451,13243.42
U0036,Ira Sharma,22.0,Other,Lucknow,2023-05-16,T000926,P043,27.45,Wallet,2023-12-16,Product_043,Home,3416.65,309,16,12,2023,5,5.0,Very High,3.34814816057234,5.239274758971894,-0.8845609722378125,0.03616010605000552,38.962,5,245,13243.42
U0040,Meera Kapoor,33.0,Male,Jaipur,2023-06-25,T000132,P043,31.87,Net Banking,2024-04-04,Product_043,Home,3416.65,309,4,4,2024,3,5.0,Very High,3.492560387676128,5.645352070508977,-0.7871798269528659,0.04429797105718599,91.0975,4,295,13243.42
U0044,Aditya Nair,29.0,Male,Patna,2023-07-22,T000301,P043,95.17,Cash,2024-11-22,Product_043,Home,3416.65,309,22,11,2024,0,5.0,Very High,4.56611745872439,9.755511262870849,0.6074415523541743,0.16084250837721395,73.16857142857144,7,215,13243.42
U0044,Aditya Nair,29.0,Male,Patna,2023-07-22,T000868,P043,109.56,Cash,2024-01-06,Product_043,Home,3416.65,309,6,1,2024,0,5.0,Very High,4.70555836001936,10.467091286503619,0.9244810728633104,0.18733659829878113,73.16857142857144,7,215,13243.42
U0058,Meera Joshi,29.0,Male,Nagpur,2024-07-13,T000763,P043,61.43,Cash,2023-12-26,Product_043,Home,3416.65,309,26,12,2023,0,5.0,Very High,4.134045929073653,7.83772926299448,-0.1359158779431328,0.0987222447251169,52.6725,4,363,13243.42
U0074,Diya Gupta,44.0,Male,Kanpur,2022-10-19,T000009,P043,74.37,Net Banking,2023-03-17,Product_043,Home,3416.65,309,17,3,2023,3,5.0,Very High,4.322409317855379,8.623804264940155,0.14917733924854346,0.12254667304930589,60.69333333333333,6,438,13243.42
U0080,Ishaan Amin,18.0,Female,Jaipur,2024-07-16,T000666,P043,43.27,Wallet,2023-12-26,Product_043,Home,3416.65,309,26,12,2023,5,5.0,Very High,3.7903072467440495,6.577993615077473,-0.5360157870776644,0.06528703465036638,62.012857142857136,7,380,13243.42
U0081,Vivaan Gupta,30.0,Other,Indore,2024-04-29,T000123,P043,33.42,UPI,2025-02-05,Product_043,Home,3416.65,309,5,2,2025,4,5.0,Very High,3.5386377907833935,5.781003373117854,-0.7530303303031676,0.04715174724748683,56.55666666666667,6,387,13243.42
U0103,Muhammad Mehta,29.0,Female,Bengaluru,2024-08-29,T000388,P043,32.79,Credit Card,2024-01-14,Product_043,Home,3416.65,309,14,1,2024,1,5.0,Very High,3.5201649007261984,5.726255320888163,-0.7669104482962709,0.04599182531207423,36.5125,4,424,13243.42
U0111,Myra Roy,18.0,Other,Chennai,2023-06-08,T000941,P043,45.67,Wallet,2024-05-24,Product_043,Home,3416.65,309,24,5,2024,5,5.0,Very High,3.8431015599617244,6.757958271549182,-0.48313914710393774,0.06970578488050962,43.57,3,368,13243.42
U0112,Meera Iyer,31.0,Other,Bengaluru,2022-10-18,T000703,P043,55.55,Debit Card,2024-04-29,Product_043,Home,3416.65,309,29,4,2024,2,5.0,Very High,4.03512520256213,7.453187237685633,-0.26546364587876314,0.08789630666126595,47.562,5,514,13243.42
U0135,Ishaan Mukherjee,24.0,Female,Mumbai,2023-02-03,T000151,P043,65.8,UPI,2023-04-04,Product_043,Home,3416.65,309,4,4,2023,4,5.0,Very High,4.2017030805426,8.1117199162693,-0.03963632932430561,0.10676805243583604,58.055,8,363,13243.42
U0156,Reyansh Amin,26.0,Other,Jaipur,2023-09-23,T000136,P043,49.99,Wallet,2024-07-01,Product_043,Home,3416.65,309,1,7,2024,5,5.0,Very High,3.9316295350670645,7.070360669725414,-0.3879611951512298,0.07765953529476745,69.09,4,629,13243.42
U0163,Sara Khan,41.0,Other,Mumbai,2023-06-14,T000615,P043,101.4,Wallet,2025-01-03,Product_043,Home,3416.65,309,3,1,2025,5,5.0,Very High,4.628886712605407,10.069756700139283,0.7447004969526398,0.1723128475162941,109.69000000000001,7,462,13243.42
U0166,Meera Roy,35.0,Male,Bengaluru,2022-10-29,T000201,P043,20.98,Net Banking,2025-01-11,Product_043,Home,3416.65,309,11,1,2025,3,5.0,Very High,3.090132948975475,4.580392996239515,-1.0271075808336505,0.02424789188791103,83.738,5,372,13243.42
U0178,Arjun Joshi,43.0,Male,Mumbai,2023-08-11,T000996,P043,71.11,Credit Card,2025-02-20,Product_043,Home,3416.65,309,20,2,2025,1,5.0,Very High,4.2781927309286685,8.432674546073743,0.07735323661756466,0.11654453732002795,71.11,1,434,13243.42
U0184,Kiara Kulkarni,35.0,Other,Ghaziabad,2022-08-20,T000958,P043,210.92,UPI,2025-07-15,Product_043,Home,3416.65,309,15,7,2025,4,5.0,Very High,5.356208844963814,14.523085071705667,3.1576378344203655,0.37395514968516397,95.79,6,289,13243.42
U0187,Vivaan Kulkarni,35.0,Other,Hyderabad,2024-08-28,T000111,P043,47.91,Cash,2024-09-09,Product_043,Home,3416.65,309,9,9,2024,0,5.0,Very High,3.8899818745512658,6.921704992268884,-0.433787616461793,0.07382995176197664,54.42714285714286,7,334,13243.42
U0188,Muhammad Das,31.0,Female,Bengaluru,2022-06-10,T000243,P043,15.79,Wallet,2023-08-01,Product_043,Home,3416.65,309,1,8,2023,5,5.0,Very High,2.8207834710894493,3.9736632972611052,-1.1414533147768346,0.014692344515226273,60.9925,8,422,13243.42
U0023,Myra Reddy,32.0,Female,Ahmedabad,2022-09-10,T000282,P044,30.77,UPI,2024-12-12,Product_044,Beauty,1655.45,268,12,12,2024,4,0.0,Very High,3.4585224482814247,5.547071299343465,-0.8114149536074908,0.042272710535037,49.029999999999994,5,504,8079.7300000000005
U0026,Ira Joshi,32.0,Male,Delhi,2024-05-31,T000371,P044,55.2,Debit Card,2023-01-11,Product_044,Beauty,1655.45,268,11,1,2023,2,0.0,Very High,4.028916756899646,7.429670248402684,-0.2731748225415982,0.08725190558603674,41.928,5,775,8079.7300000000005
U0028,Kiara Kulkarni,35.0,Male,Nagpur,2023-01-26,T000082,P044,81.23,Debit Card,2025-08-23,Product_044,Beauty,1655.45,268,23,8,2025,2,0.0,Very High,4.409520198982804,9.012768719988326,0.3003164018401121,0.13517693412379864,78.77333333333334,9,250,8079.7300000000005
U0030,Aarohi Sharma,29.0,Other,Hyderabad,2023-11-30,T000407,P044,34.32,Debit Card,2025-09-28,Product_044,Beauty,1655.45,268,28,9,2025,2,0.0,Very High,3.564449375735759,5.858327406350724,-0.7332015903130201,0.04880877858379054,66.00111111111111,9,213,8079.7300000000005
U0038,Vivaan Ghosh,18.0,Other,Bengaluru,2022-03-29,T000346,P044,33.85,Debit Card,2023-03-06,Product_044,Beauty,1655.45,268,6,3,2023,2,0.0,Very High,3.551053137206533,5.818075283115543,-0.7435565989745415,0.04794343999705416,71.435,4,372,8079.7300000000005
U0040,Meera Kapoor,33.0,Male,Jaipur,2023-06-25,T000124,P044,191.6,Net Banking,2023-05-18,Product_044,Beauty,1655.45,268,18,5,2023,3,0.0,Very High,5.260615499364025,13.841965178398622,2.7319808826318663,0.33838421033251087,91.0975,4,295,8079.7300000000005
U0077,Vihaan Reddy,32.0,Female,Hyderabad,2024-06-30,T000856,P044,36.49,Credit Card,2025-09-13,Product_044,Beauty,1655.45,268,13,9,2025,1,0.0,Very High,3.6240742307478206,6.040695324215583,-0.6853922950034422,0.052804065250211724,44.13833333333333,6,229,8079.7300000000005
U0085,Arjun Kapoor,25.0,Male,Kanpur,2023-08-20,T000041,P044,33.94,Cash,2025-02-17,Product_044,Beauty,1655.45,268,17,2,2025,0,0.0,Very High,3.5536323047059106,5.825804665451804,-0.7415737249755269,0.048109143130684526,65.51666666666667,6,294,8079.7300000000005
U0094,Kabir Ghosh,29.0,Male,Mumbai,2023-11-07,T000210,P044,74.34,Wallet,2024-05-01,Product_044,Beauty,1655.45,268,1,5,2024,5,0.0,Very High,4.322011202263895,8.62206471791995,0.14851638124887184,0.12249143867142909,63.004,5,278,8079.7300000000005
U0105,Kabir Amin,30.0,Female,Indore,2022-12-01,T000538,P044,98.46,Net Banking,2023-10-13,Product_044,Beauty,1655.45,268,13,10,2023,3,0.0,Very High,4.599755553286593,9.922701245124737,0.6799266129848245,0.16689987848436863,82.48,6,355,8079.7300000000005
U0105,Kabir Amin,30.0,Female,Indore,2022-12-01,T000586,P044,104.42,Net Banking,2025-05-01,Product_044,Beauty,1655.45,268,1,5,2025,3,0.0,Very High,4.6579523714270605,10.218610473053564,0.8112369355862458,0.1778731082225577,82.48,6,355,8079.7300000000005
U0112,Meera Iyer,31.0,Other,Bengaluru,2022-10-18,T000897,P044,57.24,Debit Card,2024-12-02,Product_044,Beauty,1655.45,268,2,12,2024,2,0.0,Very High,4.06457240388843,7.5657121277510955,-0.22822967856393053,0.0910078432816585,47.562,5,514,8079.7300000000005
U0145,Aarav Kulkarni,34.0,Male,Kolkata,2022-05-10,T000051,P044,25.62,Debit Card,2023-12-15,Product_044,Beauty,1655.45,268,15,12,2023,2,0.0,Very High,3.2816628129669656,5.061620293937506,-0.9248794102177791,0.0327908089995213,67.94875,8,397,8079.7300000000005
U0146,Meera Patel,38.0,Other,Chennai,2023-04-22,T000934,P044,71.67,Net Banking,2024-01-07,Product_044,Beauty,1655.45,268,7,1,2024,3,0.0,Very High,4.2859286446285445,8.465813605318747,0.08969111927810092,0.11757557904039473,51.7675,4,536,8079.7300000000005
U0147,Ishaan Mehta,22.0,Male,Ghaziabad,2023-09-14,T000677,P044,40.02,Wallet,2023-08-25,Product_044,Beauty,1655.45,268,25,8,2023,5,0.0,Very High,3.7140597526442347,6.326136261573884,-0.6076195703754192,0.05930331038038074,56.32750000000001,12,187,8079.7300000000005
U0159,Aditya Khan,22.0,Female,Kolkata,2024-02-08,T000053,P044,195.06,Debit Card,2025-10-16,Product_044,Beauty,1655.45,268,16,10,2025,2,0.0,Very High,5.27842073483358,13.9663882231592,2.8082113719273223,0.3447545752476341,100.2,3,196,8079.7300000000005
U0160,Myra Chopra,37.0,Other,Nagpur,2022-12-11,T000330,P044,31.73,Cash,2023-09-01,Product_044,Beauty,1655.45,268,1,9,2023,0,0.0,Very High,3.4882920885130893,5.632938842203065,-0.790264297618,0.044040210627094296,67.83,3,310,8079.7300000000005
U0161,Aarav Joshi,24.0,Female,Pune,2023-05-15,T000437,P044,89.47,Net Banking,2025-10-12,Product_044,Beauty,1655.45,268,12,10,2025,3,0.0,Very High,4.50501830403765,9.458858282054976,0.4818595324165735,0.15034797658062374,59.246,5,200,8079.7300000000005
U0163,Sara Khan,41.0,Other,Mumbai,2023-06-14,T000968,P044,76.58,Cash,2023-09-10,Product_044,Beauty,1655.45,268,10,9,2023,0,0.0,Very High,4.351309662011821,8.750999942863672,0.1978679118910166,0.1266156055528961,109.69000000000001,7,462,8079.7300000000005
U0174,Ira Kulkarni,34.0,Female,Hyderabad,2024-05-02,T000150,P044,48.04,Cash,2025-09-23,Product_044,Beauty,1655.45,268,23,9,2025,0,0.0,Very High,3.892636291627956,6.931089380465383,-0.4309234651298828,0.07406930073277607,50.701428571428565,7,219,8079.7300000000005
U0179,Kabir Joshi,29.0,Female,Thane,2022-12-15,T000479,P044,95.72,Net Banking,2024-01-03,Product_044,Beauty,1655.45,268,3,1,2024,3,0.0,Very High,4.571820206306537,9.783659846908007,0.6195591156814867,0.16185513863828843,63.556,5,797,8079.7300000000005
U0196,Kabir Kulkarni,35.0,Other,Patna,2024-08-01,T000002,P044,76.44,UPI,2023-03-24,Product_044,Beauty,1655.45,268,24,3,2023,4,0.0,Very High,4.349503442968322,8.742997197757758,0.19478344122588254,0.1263578451228044,88.99714285714286,7,252,8079.7300000000005
U0198,Kabir Bose,33.0,Female,Visakhapatnam,2023-07-07,T000551,P044,31.38,Cash,2025-10-21,Product_044,Beauty,1655.45,268,21,10,2025,0,0.0,Very High,3.477540948249489,5.601785429664367,-0.7979754742808354,0.043395809551865075,53.71666666666667,3,183,8079.7300000000005
U0026,Ira Joshi,32.0,Male,Delhi,2024-05-31,T000119,P045,66.32,Credit Card,2024-03-16,Product_045,Grocery,992.11,139,16,3,2024,1,4.0,Medium,4.209457369322605,8.143709228600933,-0.02817972399666492,0.10772544831903373,41.928,5,775,8427.07
U0034,Vihaan Singh,23.0,Other,Visakhapatnam,2023-09-16,T000932,P045,70.33,Wallet,2023-05-01,Product_045,Grocery,992.11,139,1,5,2023,5,4.0,Medium,4.267316996289947,8.386298349093002,0.06016832862610347,0.11510844349523142,75.76333333333334,9,185,8427.07
U0047,Anaya Gupta,28.0,Other,Kolkata,2022-10-13,T000208,P045,50.13,Cash,2023-12-06,Product_045,Grocery,992.11,139,6,12,2023,0,4.0,Medium,3.934371409091908,7.0802542327235685,-0.3848767244860957,0.07791729572485914,40.7375,4,208,8427.07
U0053,Anaya Patel,26.0,Male,Chennai,2022-07-14,T000908,P045,29.02,Wallet,2023-01-20,Product_045,Grocery,992.11,139,20,1,2023,5,4.0,Medium,3.401863826205316,5.387021440462252,-0.8499708369216665,0.039050705158890885,52.748000000000005,5,356,8427.07
U0054,Aarohi Roy,36.0,Male,Indore,2022-07-07,T000916,P045,67.96,Net Banking,2024-11-08,Product_045,Grocery,992.11,139,8,11,2024,3,4.0,Medium,4.233526626355437,8.243785538209979,0.007952646652048301,0.11074492764296495,75.07,2,497,8427.07
U0058,Meera Joshi,29.0,Male,Nagpur,2024-07-13,T000892,P045,53.39,UPI,2024-10-01,Product_045,Grocery,992.11,139,1,10,2024,4,4.0,Medium,3.9961803134348695,7.306846104852626,-0.31305262185511706,0.08391943145413704,52.6725,4,363,8427.07
U0064,Ira Amin,22.0,Male,Delhi,2024-09-10,T000773,P045,90.41,Credit Card,2024-12-18,Product_045,Grocery,992.11,139,18,12,2024,1,4.0,Medium,4.515354881665727,9.508417323613852,0.5025695497396164,0.15207865375409652,69.78285714285714,7,411,8427.07
U0080,Ishaan Amin,18.0,Female,Jaipur,2024-07-16,T000663,P045,138.17,Net Banking,2024-05-03,Product_045,Grocery,992.11,139,3,5,2024,3,4.0,Medium,4.935696207431762,11.754573577973808,1.5548146852167766,0.24001178333394696,62.012857142857136,7,380,8427.07
U0089,Kiara Kulkarni,27.0,Other,Ahmedabad,2024-08-05,T000414,P045,27.79,Credit Card,2023-05-04,Product_045,Grocery,992.11,139,4,5,2023,1,4.0,Medium,3.3600281046240843,5.271622141238881,-0.8770701149082013,0.03678609566594247,56.611428571428576,7,443,8427.07
U0096,Aditya Khan,20.0,Female,Visakhapatnam,2023-02-14,T000578,P045,47.06,Debit Card,2025-03-06,Product_045,Grocery,992.11,139,6,3,2025,2,4.0,Medium,3.872450230308323,6.860029154456998,-0.45251475978582106,0.07226497772213425,68.59833333333334,6,226,8427.07
U0105,Kabir Amin,30.0,Female,Indore,2022-12-01,T000787,P045,134.56,Cash,2024-06-27,Product_045,Grocery,992.11,139,27,6,2024,0,4.0,Medium,4.909414346738851,11.6,1.475279405922963,0.23336524652943988,82.48,6,355,8427.07
U0107,Kiara Bose,47.0,Other,Pune,2023-09-23,T000400,P045,68.47,Cash,2025-08-22,Product_045,Grocery,992.11,139,22,8,2025,0,4.0,Medium,4.2408950047047895,8.274660113865705,0.019188932646465325,0.1116839120668704,43.097142857142856,7,213,8427.07
U0121,Ira Kapoor,38.0,Other,Lucknow,2024-08-30,T000227,P045,30.6,Debit Card,2025-08-18,Product_045,Grocery,992.11,139,18,8,2025,2,4.0,Medium,3.4531571205928664,5.531726674375733,-0.8151603822722964,0.041959715727068525,54.67714285714286,7,255,8427.07
U0139,Kiara Reddy,38.0,Female,Pune,2022-02-21,T000983,P045,94.73,Wallet,2024-10-22,Product_045,Grocery,992.11,139,22,10,2024,5,4.0,Medium,4.561531728958262,9.732933781753578,0.5977475016923245,0.16003240416835438,85.75750000000001,4,312,8427.07
U0147,Ishaan Mehta,22.0,Male,Ghaziabad,2023-09-14,T000347,P045,77.19,Credit Card,2024-01-26,Product_045,Grocery,992.11,139,26,1,2024,1,4.0,Medium,4.359141762136423,8.78578397184907,0.2113073912176721,0.12773870456972417,56.32750000000001,12,187,8427.07
U0155,Diya Roy,34.0,Other,Ahmedabad,2023-03-22,T000978,P045,51.47,Wallet,2024-09-04,Product_045,Grocery,992.11,139,4,9,2024,5,4.0,Medium,3.9602415776986204,7.174259543674176,-0.3553539338340984,0.08038443127002244,53.04,5,403,8427.07
U0160,Myra Chopra,37.0,Other,Nagpur,2022-12-11,T000040,P045,91.05,Net Banking,2023-06-14,Product_045,Grocery,992.11,139,14,6,2023,3,4.0,Medium,4.522331907679087,9.5420123663722,0.5166699870659435,0.15325698714880137,67.83,3,310,8427.07
U0181,Aditya Bose,37.0,Female,Bengaluru,2023-08-14,T000713,P045,63.41,Cash,2023-03-24,Product_045,Grocery,992.11,139,24,3,2023,0,4.0,Medium,4.165268900558799,7.963039620647382,-0.0922926499648084,0.10236771366498507,48.4,4,878,8427.07
U0186,Saanvi Mukherjee,37.0,Female,Patna,2023-09-28,T000627,P045,140.86,Debit Card,2025-05-29,Product_045,Grocery,992.11,139,29,5,2025,2,4.0,Medium,4.954840655773941,11.868445559549912,1.6140805858539957,0.2449644658835659,90.67,3,213,8427.07
U0193,Ishaan Chopra,33.0,Other,Chennai,2023-03-12,T000801,P045,126.42,Wallet,2023-07-18,Product_045,Grocery,992.11,139,18,7,2023,5,4.0,Medium,4.847488716688342,11.243664882946307,1.29593946867874,0.2183783186655374,70.998,5,429,8427.07
U0200,Kiara Nair,22.0,Other,Jaipur,2022-01-27,T000646,P045,73.37,Credit Card,2024-09-09,Product_045,Grocery,992.11,139,9,9,2024,1,4.0,Medium,4.309052634715209,8.565628990331067,0.12714540592615736,0.12070552712007954,57.14833333333333,6,249,8427.07
U0002,Sai Reddy,30.0,Other,Hyderabad,2023-11-24,T000567,P046,53.46,Debit Card,2024-02-26,Product_046,Toys,4970.99,267,26,2,2024,2,7.0,Very High,3.9974664872456134,7.311634564172365,-0.31151038652255003,0.08404831166918289,64.84,6,733,6015.99
U0004,Aarav Gupta,44.0,Male,Kolkata,2023-06-02,T000939,P046,78.14,Wallet,2024-04-03,Product_046,Toys,4970.99,267,3,4,2024,5,7.0,Very High,4.371218435957278,8.839683252243827,0.23223772787393898,0.1294877932024892,100.21333333333332,3,757,6015.99
U0036,Ira Sharma,22.0,Other,Lucknow,2023-05-16,T000335,P046,36.93,UPI,2025-08-28,Product_046,Toys,4970.99,267,28,8,2025,4,7.0,Very High,3.6357423557008075,6.0770058416953985,-0.6756982443415923,0.05361416945907131,38.962,5,245,6015.99
U0045,Sai Chopra,20.0,Male,Mumbai,2022-03-14,T000762,P046,121.21,Cash,2024-12-31,Product_046,Toys,4970.99,267,31,12,2024,0,7.0,Very High,4.805740876449909,11.00954131651269,1.1811530960691083,0.2087859483742681,85.19375,8,385,6015.99
U0064,Ira Amin,22.0,Male,Delhi,2024-09-10,T000507,P046,25.32,Credit Card,2023-06-18,Product_046,Toys,4970.99,267,18,6,2023,1,7.0,Very High,3.2703291064571163,5.03189825016365,-0.931488990214495,0.032238465220753396,69.78285714285714,7,411,6015.99
U0068,Sara Gupta,40.0,Female,Patna,2023-08-02,T000673,P046,23.86,Cash,2023-06-07,Product_046,Toys,4970.99,267,7,6,2023,0,7.0,Very High,3.213260086082565,4.884669896727925,-0.9636556128651788,0.029550392164082923,79.6225,4,302,6015.99
U0081,Vivaan Gupta,30.0,Other,Indore,2024-04-29,T000311,P046,64.22,UPI,2024-12-08,Product_046,Toys,4970.99,267,8,12,2024,4,7.0,Very High,4.177766170361173,8.013738203859669,-0.07444678397367561,0.10385904186765842,56.55666666666667,6,387,6015.99
U0083,Arjun Khan,43.0,Male,Thane,2023-07-19,T000603,P046,57.84,UPI,2024-08-15,Product_046,Toys,4970.99,267,15,8,2024,4,7.0,Very High,4.074821895733237,7.605261336732617,-0.21501051857049885,0.09211253083919431,59.12375,8,189,6015.99
U0088,Sai Patel,34.0,Female,Vadodara,2024-06-24,T000188,P046,168.29,Credit Card,2025-10-30,Product_046,Toys,4970.99,267,30,10,2025,1,7.0,Very High,5.131613220649158,12.972663566130127,2.218416516887046,0.29546709872224464,104.09666666666665,3,182,6015.99
U0093,Meera Ghosh,26.0,Male,Thane,2022-12-25,T000837,P046,26.17,Debit Card,2024-07-15,Product_046,Toys,4970.99,267,15,7,2024,2,7.0,Very High,3.3021134234382563,5.115662224971465,-0.9127618468904668,0.03380343926059579,39.01666666666667,3,654,6015.99
U0094,Kabir Ghosh,29.0,Male,Mumbai,2023-11-07,T000902,P046,9.6,Wallet,2023-03-18,Product_046,Toys,4970.99,267,18,3,2023,5,7.0,Very High,2.3608540011180215,3.0983866769659336,-1.2778309820424045,0.003295651213315166,63.004,5,278,6015.99
U0126,Myra Gupta,49.0,Other,Surat,2022-08-29,T000114,P046,88.95,Net Banking,2023-05-31,Product_046,Toys,4970.99,267,31,5,2023,3,7.0,Very High,4.499253960396542,9.431330765061738,0.47040292708893283,0.14939058069742606,66.15166666666666,6,642,6015.99
U0150,Muhammad Gupta,34.0,Other,Kolkata,2022-04-15,T000864,P046,19.22,Cash,2024-01-24,Product_046,Toys,4970.99,267,24,1,2024,0,7.0,Very High,3.006672213592325,4.384062043356595,-1.0658837834810502,0.021007475052472656,50.943333333333335,9,271,6015.99
U0155,Diya Roy,34.0,Other,Ahmedabad,2023-03-22,T000262,P046,55.77,Net Banking,2023-12-08,Product_046,Toys,4970.99,267,8,12,2023,3,7.0,Very High,4.039008017182635,7.467931440499437,-0.2606166205478381,0.08830135876569575,53.04,5,403,6015.99
U0163,Sara Khan,41.0,Other,Mumbai,2023-06-14,T001000,P046,123.78,Wallet,2025-01-23,Product_046,Toys,4970.99,267,23,1,2025,5,7.0,Very High,4.82655218668264,11.12564604865713,1.2377751647076407,0.21351769341237983,109.69000000000001,7,462,6015.99
U0173,Muhammad Joshi,31.0,Female,Patna,2024-09-27,T000575,P046,79.29,UPI,2023-06-23,Product_046,Toys,4970.99,267,23,6,2023,4,7.0,Very High,4.385645080196593,8.904493247793498,0.25757445119468314,0.1316051110210995,70.39666666666666,6,308,6015.99
U0177,Ishaan Verma,32.0,Male,Vadodara,2022-10-27,T000359,P046,69.18,Net Banking,2024-10-11,Product_046,Toys,4970.99,267,11,10,2024,3,7.0,Very High,4.2510633701550695,8.317451532771322,0.034831605305359635,0.11299112567662112,77.21000000000001,5,190,6015.99
U0011,Myra Kapoor,28.0,Male,Nagpur,2022-03-22,T000264,P047,62.08,UPI,2025-06-09,Product_047,Electronics,1846.57,300,9,6,2025,4,3.0,Very High,4.1444037620948375,7.879086241436884,-0.12159512128358188,0.09991898957911402,53.9125,4,324,5616.05
U0023,Myra Reddy,32.0,Female,Ahmedabad,2022-09-10,T000634,P047,34.44,Credit Card,2023-07-31,Product_047,Electronics,1846.57,300,31,7,2023,1,3.0,Very High,3.56784112573688,5.868560300448483,-0.7305577583143338,0.0490297160952977,49.029999999999994,5,504,5616.05
U0030,Aarohi Sharma,29.0,Other,Hyderabad,2023-11-30,T000554,P047,102.74,Debit Card,2024-12-14,Product_047,Electronics,1846.57,300,14,12,2024,2,3.0,Very High,4.6418877689232545,10.136074190730847,0.774223287604637,0.17477998306145742,66.00111111111111,9,213,5616.05
U0049,Saanvi Chopra,34.0,Female,Kolkata,2024-03-14,T000425,P047,142.01,Credit Card,2023-03-07,Product_047,Electronics,1846.57,300,7,3,2023,1,3.0,Very High,4.962914557884844,11.916794871105234,1.6394173091747393,0.24708178370217615,78.0,5,195,5616.05
U0082,Ishaan Verma,34.0,Male,Lucknow,2024-02-29,T000812,P047,61.47,Credit Card,2023-06-28,Product_047,Electronics,1846.57,300,28,6,2023,1,3.0,Very High,4.134686441505479,7.840280607223188,-0.1350346006102374,0.09879589056228595,57.357142857142854,7,210,5616.05
U0088,Sai Patel,34.0,Female,Vadodara,2024-06-24,T000865,P047,43.93,Wallet,2024-03-31,Product_047,Electronics,1846.57,300,31,3,2024,5,3.0,Very High,3.8051057230820686,6.627971031922213,-0.5214747110848896,0.06650219096365577,104.09666666666665,3,182,5616.05
U0090,Sai Iyer,36.0,Male,Indore,2022-01-26,T000639,P047,98.55,Debit Card,2023-11-07,Product_047,Electronics,1846.57,300,7,11,2023,2,3.0,Very High,4.6006600305102054,9.927235264664578,0.6819094869838392,0.167065581617999,57.08,5,413,5616.05
U0141,Anaya Nair,33.0,Female,Jaipur,2024-02-10,T000230,P047,19.01,Cash,2025-05-16,Product_047,Electronics,1846.57,300,16,5,2025,0,3.0,Very High,2.996232148595642,4.360045871318328,-1.0705104894787512,0.02062083440733513,54.653333333333336,9,227,5616.05
U0176,Kabir Sharma,38.0,Other,Vadodara,2022-05-10,T000936,P047,97.36,Debit Card,2025-09-16,Product_047,Electronics,1846.57,300,16,9,2025,2,3.0,Very High,4.588634217347992,9.867117106835208,0.6556914863301999,0.16487461796221967,56.64,5,226,5616.05
U0177,Ishaan Verma,32.0,Male,Vadodara,2022-10-27,T000498,P047,25.77,Credit Card,2025-10-22,Product_047,Electronics,1846.57,300,22,10,2025,1,3.0,Very High,3.2872818575322613,5.076416058598822,-0.9215746202194214,0.03306698088890525,77.21000000000001,5,190,5616.05
U0186,Saanvi Mukherjee,37.0,Female,Patna,2023-09-28,T000920,P047,102.55,Credit Card,2024-06-08,Product_047,Electronics,1846.57,300,8,6,2024,1,3.0,Very High,4.640054587841593,10.12669738858627,0.7700372202733837,0.1744301653349044,90.67,3,213,5616.05
U0189,Sai Iyer,25.0,Other,Bengaluru,2022-06-10,T000351,P047,57.51,Credit Card,2023-10-10,Product_047,Electronics,1846.57,300,10,10,2023,1,3.0,Very High,4.069197679800145,7.583534795858722,-0.22228105656688638,0.0915049526825496,55.54333333333333,3,606,5616.05
U0189,Sai Iyer,25.0,Other,Bengaluru,2022-06-10,T000696,P047,80.58,UPI,2023-08-01,Product_047,Electronics,1846.57,300,1,8,2023,4,3.0,Very High,4.401584133889412,8.976636341080104,0.28599564518056103,0.1339801892698015,55.54333333333333,3,606,5616.05
U0199,Meera Roy,32.0,Male,Ghaziabad,2022-02-10,T000614,P047,61.43,Credit Card,2025-07-27,Product_047,Electronics,1846.57,300,27,7,2025,1,3.0,Very High,4.134045929073653,7.83772926299448,-0.1359158779431328,0.0987222447251169,76.08555555555556,9,261,5616.05
U0007,Ishaan Sharma,44.0,Male,Indore,2022-12-15,T000276,P048,47.02,Debit Card,2025-10-19,Product_048,Clothing,3666.72,295,19,10,2025,2,2.0,Very High,3.8716175907931074,6.857113095173507,-0.4533960371187165,0.0721913318849652,85.938,5,193,9080.87
U0013,Diya Chopra,33.0,Male,Bengaluru,2022-02-16,T000824,P048,197.43,Net Banking,2024-07-04,Product_048,Clothing,3666.72,295,4,7,2024,3,2.0,Very High,5.290436393097161,14.050978613605531,2.860427053901377,0.34911809109990055,96.2925,4,356,9080.87
U0024,Aarohi Kapoor,20.0,Female,Patna,2023-03-15,T000141,P048,33.34,Cash,2024-03-16,Product_048,Clothing,3666.72,295,16,3,2024,0,2.0,Very High,3.5363108554693294,5.7740800133008205,-0.7547928849689584,0.04700445557314872,61.71545454545455,11,270,9080.87
U0025,Saanvi Bose,27.0,Female,Kolkata,2022-05-22,T000126,P048,26.35,Wallet,2025-02-02,Product_048,Clothing,3666.72,295,2,2,2025,5,2.0,Very High,3.3087165288679903,5.13322510708424,-0.9087960988924373,0.03413484552785653,62.24166666666667,6,210,9080.87
U0054,Aarohi Roy,36.0,Male,Indore,2022-07-07,T000598,P048,82.18,Cash,2024-12-19,Product_048,Clothing,3666.72,295,19,12,2024,0,2.0,Very High,4.421006934314765,9.065318527222306,0.32124673849637897,0.13692602275656368,75.07,2,497,9080.87
U0059,Vivaan Iyer,34.0,Female,Mumbai,2023-02-04,T000045,P048,26.57,Credit Card,2025-06-07,Product_048,Clothing,3666.72,295,7,6,2025,1,2.0,Very High,3.3167282250357055,5.154609587543949,-0.9039490735615123,0.03453989763228633,51.112,5,242,9080.87
U0059,Vivaan Iyer,34.0,Female,Mumbai,2023-02-04,T000678,P048,62.44,Cash,2023-01-06,Product_048,Clothing,3666.72,295,6,1,2023,0,2.0,Very High,4.150094577326593,7.901898506055364,-0.1136636252875229,0.1005818021136355,51.112,5,242,9080.87
U0063,Anaya Verma,23.0,Male,Patna,2023-05-04,T000429,P048,56.45,Credit Card,2025-04-03,Product_048,Clothing,3666.72,295,3,4,2025,1,2.0,Very High,4.050915004294764,7.513321502504734,-0.24563490588861556,0.08955333799756968,43.135000000000005,2,392,9080.87
U0084,Kiara Kapoor,27.0,Male,Hyderabad,2022-03-19,T000072,P048,23.07,Net Banking,2023-12-26,Product_048,Clothing,3666.72,295,26,12,2023,3,2.0,Very High,3.1809662517949806,4.803123983409131,-0.9810608401898637,0.028095886879994106,45.842499999999994,4,197,9080.87
U0103,Muhammad Mehta,29.0,Female,Bengaluru,2024-08-29,T000255,P048,39.72,Net Banking,2025-03-02,Product_048,Clothing,3666.72,295,2,3,2025,3,2.0,Very High,3.7067193722422673,6.302380502635492,-0.6142291503721351,0.05875096660161283,36.5125,4,424,9080.87
U0117,Aadhya Joshi,31.0,Female,Kolkata,2022-06-01,T000399,P048,41.82,Cash,2025-02-04,Product_048,Clothing,3666.72,295,4,2,2025,0,2.0,Very High,3.757005283161537,6.466838485689897,-0.5679620903951242,0.06261737305298817,102.84153846153846,13,236,9080.87
U0131,Muhammad Mukherjee,19.0,Female,Patna,2024-08-26,T000549,P048,37.83,Cash,2024-03-28,Product_048,Clothing,3666.72,295,28,3,2024,0,2.0,Very High,3.659193143743576,6.150609725872712,-0.6558695043514449,0.05527120079537502,73.65,5,281,9080.87
U0132,Aarav Chopra,32.0,Female,Bhopal,2022-01-07,T000267,P048,78.93,Wallet,2023-11-24,Product_048,Clothing,3666.72,295,24,11,2023,5,2.0,Very High,4.381151251637927,8.884255736976508,0.24964295519862414,0.13094229848657804,52.66833333333333,6,246,9080.87
U0132,Aarav Chopra,32.0,Female,Bhopal,2022-01-07,T000612,P048,41.94,UPI,2025-01-25,Product_048,Clothing,3666.72,295,25,1,2025,4,2.0,Very High,3.759803792450635,6.476109943476871,-0.565318258396438,0.06283831056449533,52.66833333333333,6,246,9080.87
U0137,Myra Reddy,25.0,Other,Vadodara,2022-01-28,T000376,P048,14.49,Wallet,2023-03-18,Product_048,Clothing,3666.72,295,18,3,2023,5,2.0,Very High,2.740194654428777,3.8065732621348563,-1.1700948280959365,0.012298854807232017,62.848,5,584,9080.87
U0145,Aarav Kulkarni,34.0,Male,Kolkata,2022-05-10,T000591,P048,70.65,Net Banking,2023-08-20,Product_048,Clothing,3666.72,295,20,8,2023,3,2.0,Very High,4.271793154274181,8.40535543567314,0.06721854728926718,0.11569761019258384,67.94875,8,397,9080.87
U0151,Kabir Kulkarni,34.0,Male,Patna,2024-03-12,T000090,P048,37.58,Wallet,2023-11-13,Product_048,Clothing,3666.72,295,13,11,2023,5,2.0,Very High,3.652734007477583,6.130252849597641,-0.6613774876820414,0.05481091431306845,71.11875,8,400,9080.87
U0156,Reyansh Amin,26.0,Other,Jaipur,2023-09-23,T000065,P048,46.92,Net Banking,2024-08-09,Product_048,Clothing,3666.72,295,9,8,2024,3,2.0,Very High,3.869532953807194,6.849817515817484,-0.45559923045095513,0.07200721729204256,69.09,4,629,9080.87
U0173,Muhammad Joshi,31.0,Female,Patna,2024-09-27,T000986,P048,96.01,Cash,2024-08-08,Product_048,Clothing,3666.72,295,8,8,2024,0,2.0,Very High,4.574814065973192,9.798469268207151,0.6259483763449788,0.1623890709577641,70.39666666666666,6,308,9080.87
U0180,Reyansh Verma,53.0,Female,Bhopal,2022-04-27,T000705,P048,61.23,UPI,2024-10-13,Product_048,Clothing,3666.72,295,13,10,2024,4,2.0,Very High,4.130837198581126,7.824960063795853,-0.1403222646076101,0.09835401553927162,69.09142857142858,7,199,9080.87
U0184,Kiara Kulkarni,35.0,Other,Ghaziabad,2022-08-20,T000963,P048,23.72,Wallet,2025-04-18,Product_048,Clothing,3666.72,295,18,4,2025,5,2.0,Very High,3.20761263258949,4.870318264754368,-0.9667400835303128,0.02929263173399123,95.79,6,289,9080.87
U0025,Saanvi Bose,27.0,Female,Kolkata,2022-05-22,T000925,P049,145.48,Credit Card,2023-01-20,Product_049,Home,1701.17,159,20,1,2023,1,5.0,Very High,4.986888900366255,12.061509026651681,1.715868117803419,0.25347056007659163,62.24166666666667,6,210,13243.42
U0026,Ira Joshi,32.0,Male,Delhi,2024-05-31,T000046,P049,44.67,Wallet,2023-07-25,Product_049,Home,1701.17,159,25,7,2023,5,5.0,Very High,3.821441627196908,6.683561924602779,-0.5051710804263239,0.06786463895128327,41.928,5,775,13243.42
U0028,Kiara Kulkarni,35.0,Male,Nagpur,2023-01-26,T000967,P049,125.28,Net Banking,2023-04-06,Product_049,Home,1701.17,159,6,4,2023,3,5.0,Very High,4.838501663689791,11.192854863706579,1.27082306469122,0.21627941230621936,78.77333333333334,9,250,13243.42
U0030,Aarohi Sharma,29.0,Other,Hyderabad,2023-11-30,T000134,P049,36.37,UPI,2024-04-08,Product_049,Home,1701.17,159,8,4,2024,4,5.0,Very High,3.6208682434973927,6.0307545133258404,-0.6880361270021286,0.05258312773870456,66.00111111111111,9,213,13243.42
U0031,Aarohi Khan,27.0,Other,Lucknow,2022-04-25,T000808,P049,79.93,Net Banking,2023-12-21,Product_049,Home,1701.17,159,21,12,2023,3,5.0,Very High,4.393584583507611,8.94035793466906,0.27167488852101024,0.1327834444158044,98.785,4,195,13243.42
U0035,Muhammad Reddy,38.0,Female,Pune,2023-07-07,T000605,P049,42.07,Net Banking,2023-05-02,Product_049,Home,1701.17,159,2,5,2023,3,5.0,Very High,3.7628266990660193,6.486139067272609,-0.5624541070645278,0.06307765953529476,51.217999999999996,5,278,13243.42
U0048,Meera Das,40.0,Other,Ahmedabad,2024-01-11,T000441,P049,44.64,Cash,2025-08-27,Product_049,Home,1701.17,159,27,8,2025,0,5.0,Very High,3.8207845249938748,6.681317235396026,-0.5058320384259954,0.06780940457340648,69.612,5,246,13243.42
U0049,Saanvi Chopra,34.0,Female,Kolkata,2024-03-14,T000318,P049,30.37,Debit Card,2025-10-17,Product_049,Home,1701.17,159,17,10,2025,2,5.0,Very High,3.445852022202587,5.510898293381942,-0.8202277269364451,0.041536252163346464,78.0,5,195,13243.42
U0053,Anaya Patel,26.0,Male,Chennai,2022-07-14,T000992,P049,24.52,Cash,2023-03-08,Product_049,Home,1701.17,159,8,3,2023,0,5.0,Very High,3.239462458476589,4.951767361255979,-0.949114536872404,0.030765548477372312,52.748000000000005,5,356,13243.42
U0064,Ira Amin,22.0,Male,Delhi,2024-09-10,T000608,P049,40.97,Wallet,2025-03-15,Product_049,Home,1701.17,159,15,3,2025,5,5.0,Very High,3.7369550773454994,6.400781202322104,-0.5866892337191525,0.06105239901314577,69.78285714285714,7,411,13243.42
U0066,Aditya Ghosh,42.0,Female,Hyderabad,2024-08-22,T000466,P049,58.2,Net Banking,2025-10-01,Product_049,Home,1701.17,159,1,10,2025,3,5.0,Very High,4.0809215418899605,7.628892449104261,-0.20707902257443986,0.09277534337371579,41.803333333333335,3,211,13243.42
U0072,Myra Kulkarni,44.0,Other,Hyderabad,2022-03-17,T000568,P049,157.98,Wallet,2023-05-09,Product_049,Home,1701.17,159,9,5,2023,5,5.0,Very High,5.068778408144967,12.569009507514902,1.9912672843332453,0.27648488419192097,72.58,5,357,13243.42
U0099,Vihaan Kulkarni,32.0,Female,Kanpur,2024-01-17,T000497,P049,66.4,Wallet,2023-10-14,Product_049,Home,1701.17,159,14,10,2023,5,5.0,Very High,4.210645017918261,8.148619514985345,-0.026417169330873756,0.10787273999337187,70.554,5,247,13243.42
U0114,Sai Singh,51.0,Male,Chennai,2022-05-31,T000273,P049,22.0,Credit Card,2023-10-09,Product_049,Home,1701.17,159,9,10,2023,1,5.0,Very High,3.1354942159291497,4.69041575982343,-1.0046350088448168,0.026125860735721908,52.12571428571429,7,223,13243.42
U0115,Aarav Verma,30.0,Male,Bhopal,2023-09-18,T000391,P049,56.99,UPI,2024-11-06,Product_049,Home,1701.17,159,6,11,2024,4,5.0,Very High,4.060270581888349,7.549172140042907,-0.23373766189452708,0.0905475567993519,44.77333333333333,6,197,13243.42
U0119,Ira Roy,41.0,Male,Vadodara,2022-09-13,T000175,P049,198.72,Cash,2025-07-08,Product_049,Home,1701.17,159,8,7,2025,0,5.0,Very High,5.296916385632408,14.096808149364877,2.8888482478872555,0.35149316934860253,114.93666666666667,6,296,13243.42
U0126,Myra Gupta,49.0,Other,Surat,2022-08-29,T000885,P049,68.66,Credit Card,2023-09-23,Product_049,Home,1701.17,159,23,9,2023,1,5.0,Very High,4.243626264937855,8.286132994346639,0.023374999977718636,0.11203372979342341,66.15166666666666,6,642,13243.42
U0139,Kiara Reddy,38.0,Female,Pune,2022-02-21,T000593,P049,64.26,Credit Card,2025-06-22,Product_049,Home,1701.17,159,22,6,2025,1,5.0,Very High,4.178379291165174,8.016233529532434,-0.07356550664078003,0.10393268770482747,85.75750000000001,4,312,13243.42
U0160,Myra Chopra,37.0,Other,Nagpur,2022-12-11,T000014,P049,80.71,Net Banking,2025-06-24,Product_049,Home,1701.17,159,24,6,2025,3,5.0,Very High,4.403176393396616,8.983874442577656,0.2888597965124711,0.13421953824060093,67.83,3,310,13243.42
U0171,Sai Patel,24.0,Other,Chennai,2022-11-20,T000129,P049,79.4,Net Banking,2023-04-16,Product_049,Home,1701.17,159,16,4,2023,3,5.0,Very High,4.387014176184921,8.910667763978186,0.25999796386014556,0.13180763707331442,60.115,2,626,13243.42
U0174,Ira Kulkarni,34.0,Female,Hyderabad,2024-05-02,T000068,P049,23.15,Wallet,2023-10-08,Product_049,Home,1701.17,159,8,10,2023,5,5.0,Very High,3.184284380098582,4.811444689487764,-0.9792982855240728,0.028243178554332213,50.701428571428565,7,219,13243.42
U0192,Kabir Roy,38.0,Male,Kolkata,2024-08-04,T000452,P049,107.33,Net Banking,2024-05-11,Product_049,Home,1701.17,159,11,5,2024,3,5.0,Very High,4.6851821239574765,10.360019305001318,0.8753498615543893,0.18323084287660638,121.93,4,719,13243.42
U0195,Ishaan Reddy,33.0,Male,Delhi,2022-06-19,T000173,P049,130.41,Wallet,2023-06-04,Product_049,Home,1701.17,159,4,6,2023,5,5.0,Very High,4.878322206655547,11.419719786404569,1.3838468826350605,0.22572449092315053,94.738,5,456,13243.42
U0196,Kabir Kulkarni,35.0,Other,Patna,2024-08-01,T000003,P049,104.57,Debit Card,2025-08-21,Product_049,Home,1701.17,159,21,8,2025,2,5.0,Very High,4.659374240001603,10.225947388873072,0.8145417255846036,0.17814928011194162,88.99714285714286,7,252,13243.42
U0022,Anaya Das,30.0,Other,Bhopal,2023-02-10,T000506,P050,78.54,Cash,2024-08-27,Product_050,Toys,2833.37,45,27,8,2024,0,7.0,Very High,4.376260039779544,8.86227961644181,0.24105050120289354,0.13022425157417974,65.67,5,368,6015.99
U0028,Kiara Kulkarni,35.0,Male,Nagpur,2023-01-26,T000544,P050,55.46,Debit Card,2024-12-28,Product_050,Toys,2833.37,45,28,12,2024,2,7.0,Very High,4.033532422825343,7.447147104764348,-0.26744651987777784,0.08773060352763559,78.77333333333334,9,250,6015.99
U0029,Sara Roy,27.0,Other,Jaipur,2024-09-21,T000231,P050,26.84,UPI,2024-05-01,Product_050,Toys,2833.37,45,1,5,2024,4,7.0,Very High,3.326473835466219,5.180733538795447,-0.8980004515644681,0.03503700703317744,47.02,3,204,6015.99
U0033,Ishaan Amin,31.0,Male,Visakhapatnam,2024-07-23,T000293,P050,57.19,Cash,2024-01-08,Product_050,Toys,2833.37,45,8,1,2024,0,7.0,Very High,4.063713518668578,7.5624070242218515,-0.22933127523004995,0.09091578598519717,71.74714285714286,7,451,6015.99
U0046,Vivaan Ghosh,26.0,Male,Delhi,2024-05-30,T000174,P050,97.08,Wallet,2025-10-08,Product_050,Toys,2833.37,45,8,10,2025,5,7.0,Very High,4.585783472187901,9.85291834940288,0.6495225449999318,0.16435909710203628,131.065,4,204,6015.99
U0068,Sara Gupta,40.0,Female,Patna,2023-08-02,T000278,P050,65.81,UPI,2025-07-02,Product_050,Toys,2833.37,45,2,7,2025,4,7.0,Very High,4.2018527699373855,8.112336284942828,-0.039416009991081635,0.10678646389512832,79.6225,4,302,6015.99
U0077,Vihaan Reddy,32.0,Female,Hyderabad,2024-06-30,T000358,P050,42.12,UPI,2024-02-29,Product_050,Toys,2833.37,45,29,2,2024,4,7.0,Very High,3.7639869266007415,6.48999229583518,-0.5613525103984085,0.06316971683175607,44.13833333333333,6,229,6015.99
U0098,Ishaan Iyer,34.0,Other,Jaipur,2022-02-09,T000636,P050,62.84,Debit Card,2023-10-20,Product_050,Toys,2833.37,45,20,10,2023,2,7.0,Very High,4.1563799531415535,7.927168473042566,-0.10485085195856833,0.10131826048532605,66.34666666666668,3,612,6015.99
U0100,Anaya Mukherjee,30.0,Other,Visakhapatnam,2022-04-29,T000517,P050,58.47,Credit Card,2024-05-12,Product_050,Toys,2833.37,45,12,5,2024,1,7.0,Very High,4.085471983718502,7.646567857542363,-0.2011304005773957,0.0932724527746069,70.85625,8,243,6015.99
U0105,Kabir Amin,30.0,Female,Indore,2022-12-01,T000192,P050,73.34,UPI,2023-04-18,Product_050,Toys,2833.37,45,18,4,2023,4,7.0,Very High,4.308649164869106,8.563877626402657,0.12648444792648575,0.12065029274220274,82.48,6,355,6015.99
U0119,Ira Roy,41.0,Male,Vadodara,2022-09-13,T000214,P050,117.52,UPI,2025-02-21,Product_050,Toys,2833.37,45,21,2,2025,4,7.0,Very High,4.775081722705364,10.840664186294122,1.0998552621095037,0.20199211989542287,114.93666666666667,6,296,6015.99
U0131,Muhammad Mukherjee,19.0,Female,Patna,2024-08-26,T000972,P050,64.63,Debit Card,2023-12-22,Product_050,Toys,2833.37,45,22,12,2023,2,7.0,Very High,4.184032908485631,8.039278574598594,-0.06541369131149738,0.1046139116986412,73.65,5,281,6015.99
U0155,Diya Roy,34.0,Other,Ahmedabad,2023-03-22,T000501,P050,39.9,Cash,2025-03-23,Product_050,Toys,2833.37,45,23,3,2025,0,7.0,Very High,3.711130063048756,6.316644678941502,-0.6102634023741057,0.05908237286887358,53.04,5,403,6015.99
U0175,Muhammad Singh,34.0,Male,Kanpur,2022-07-03,T000535,P050,101.24,Cash,2023-02-25,Product_050,Toys,2833.37,45,25,2,2023,0,7.0,Very High,4.627322990629224,10.061808982484212,0.7411753876210578,0.1720182641676179,53.07333333333333,6,437,6015.99
U0181,Aditya Bose,37.0,Female,Bengaluru,2023-08-14,T000396,P050,40.2,UPI,2023-08-29,Product_050,Toys,2833.37,45,29,8,2023,4,7.0,Very High,3.7184382563554808,6.340346993658944,-0.6036538223773897,0.059634716647641486,48.4,4,878,6015.99
U0194,Vihaan Kapoor,22.0,Male,Ahmedabad,2024-07-19,T000431,P050,19.78,Credit Card,2023-10-14,Product_050,Toys,2833.37,45,14,10,2023,1,7.0,Very High,3.0339909856710814,4.447471191587417,-1.053545900820514,0.02203851677283941,54.48199999999999,5,402,6015.99
U0195,Ishaan Reddy,33.0,Male,Delhi,2022-06-19,T000884,P050,189.81,Debit Card,2023-11-21,Product_050,Toys,2833.37,45,21,11,2023,2,7.0,Very High,5.2512781685422505,13.77715500384604,2.692543721984795,0.3350885591191957,94.738,5,456,6015.99
U0200,Kiara Nair,22.0,Other,Jaipur,2022-01-27,T000847,P050,80.75,Wallet,2023-01-19,Product_050,Toys,2833.37,45,19,1,2023,5,7.0,Very High,4.403665809777363,8.986100377805714,0.2897410738453667,0.13429318407776997,57.14833333333333,6,249,6015.99
